Requirement,Clause ID,Description,Mapped Reference Model Function(s),Traceability,Explainability,Evidence Integrity,Adaptability,Action Governance,Reasoning,,,
1: Install and maintain network security controls,1.1.1,"All security policies and operational procedures that are identified in Requirement 1 are documented, kept up to date, in use, and known to all affected parties.",Requirement-to-Control Mapping and Gap Analysis,Specified → “Documented… in use… known” creates a policy→procedure→practice lineage auditors can follow.,"Indirect → Communication/awareness helps humans understand intent, but no explicit duty to justify choices.",Indirect → Documentation/records must exist; immutability/tamper-evidence not stated.,Specified → “Kept up to date” mandates ongoing revision as the environment changes.,Specified → Management ensures procedures are used and known; that’s a governance obligation.,"Indirect → Deciding updates and applicability requires evaluation, though no formal inference steps are mandated.",,,
,1.1.2,"Roles and responsibilities for performing activities in Requirement 1 are documented, assigned, and understood.",Requirement-to-Control Mapping and Gap Analysis,Specified → Documented role→activity mapping is an explicit lineage from requirement to accountable owner.,Indirect → “Understood” supports clarity for reviewers but no formal explanation is required.,Indirect → Role records exist; integrity requirements are not stated.,Indirect → Roles may change with organisation or scope; cadence not mandated.,Specified → “Assigned” is formal delegation/authority.,Indirect → Matching responsibilities to capabilities involves reasoning; not prescribed.,,,
,1.2.1,"Configuration standards for NSC rulesets are defined, implemented, and maintained.",Control Implementation Validation,Specified → Define→implement→maintain standards maps requirements to deployed configurations.,Indirect → Standards improve comprehensibility; no explicit “explain why” requirement.,Indirect → Config/standard artefacts exist; no immutability language.,Specified → “Maintained” requires periodic updates as risks/technology change.,Specified → Defining and enforcing standards is governance.,Indirect → Selecting controls within standards requires structured judgement.,,,
,1.2.2,All changes to network connections and to configurations of NSCs are approved and managed in accordance with the change control process defined at Requirement 6.5.1.,Evidence Collection and Management; Audit and Reporting,Specified → “In accordance with… change control” ties each change to a referenced process and approvals.,Indirect → Change tickets/records make rationale reviewable; no explicit duty to narrate decisions.,Indirect → Change records must exist; cryptographic integrity not required here.,Specified → Following change control inherently supports controlled adaptation.,Specified → “Approved and managed” is explicit governance.,"Indirect → Risk/impact assessment within change control is reasoning, though steps are externalised to 6.5.1.",,,
,1.2.3,"An accurate network diagram(s) is maintained that shows all connections between the CDE and other networks, including any wireless networks.",Evidence Collection and Management,"Specified → The diagram is a trace artefact linking assets, zones, and connections.",Indirect → Diagrams aid human understanding; no explicit justification duty.,Indirect → “Maintained” implies current records; immutability not stated.,Specified → “Maintained” requires updates on change.,Indirect → Who maintains/approves isn’t mandated here.,Indirect → Curating the diagram reflects synthesis of real topology; method not prescribed.,,,
,1.2.4,An accurate data-flow diagram(s) is maintained that shows all account data flows across systems and networks and is updated as needed upon changes to the environment.,Evidence Collection and Management,Specified → Data-flow diagram provides mandate→flow→asset lineage for audit.,Indirect → Visualising flows improves interpretability; no required narrative.,Indirect → Diagram must exist and be current; tamper-evidence not required.,Specified → “Updated as needed upon changes” is explicit adaptation.,Indirect → Approval roles not stated.,Indirect → Mapping flows requires analysis; steps not mandated.,,,
,1.2.5,"All services, protocols, and ports allowed are identified, approved, and have a defined business need.",Vulnerability and Risk Assessments (VA-RA); Requirement-to-Control Mapping and Gap Analysis,Specified → Identification + approval + business need ties each allow rule to a rationale and owner.,Indirect → The documented “business need” improves reviewer understanding.,Indirect → Lists/approvals exist; no integrity controls required here.,Indirect → List revises as needs change; cadence not set.,Specified → “Approved” is a governance gate.,Specified → Establishing “need” and risk justification is a reasoning exercise.,,,
,1.2.6,"Security features are defined and implemented for all services, protocols, and ports that are in use and considered insecure, such that the risk is mitigated.",Vulnerability and Risk Assessments (VA-RA); Control Implementation Validation,Indirect → Mapping insecure items→mitigations can be recorded; not mandated.,Indirect → Risk mitigation rationale can be explained; no explicit requirement.,Indirect → Evidence of applied features exists; immutability not stated.,"Indirect → As threats evolve, mitigations must evolve; cadence not mandated.",Specified → “Defined and implemented” under management control.,Specified → Deciding mitigations “such that risk is mitigated” requires structured risk reasoning.,,,
,1.2.7,Configurations of NSCs are reviewed at least once every six months to confirm they are relevant and effective.,Control Implementation Validation,Indirect → Reviews can reference change tickets/standards; explicit trace artefact not required.,Indirect → Review reports clarify effectiveness; no formal explanation duty.,Indirect → Review records exist; integrity not mandated.,Specified → Fixed six-monthly cadence = explicit adaptation schedule.,Specified → Review is a governance activity.,Indirect → Assessing “relevant and effective” involves evaluation; method not prescribed.,,,
,1.2.8,Configuration files for NSCs are secured from unauthorized access and kept consistent with active network configurations.,Control Implementation Validation; Evidence Collection and Management,Indirect → Consistency links stored configs→running states; not mandated as a formal trace.,Indirect → Consistency reports can be interpreted; no justification duty.,Specified → “Secured from unauthorised access” + consistency expectations imply integrity and authenticity of configuration artefacts.,"Indirect → As configs change, protections must remain aligned.",Specified → Enforcing access controls and drift management is governance.,Indirect → Determining “consistent” criteria involves reasoning.,,,
,1.3.1,Inbound traffic to the CDE is restricted to only traffic that is necessary; all other traffic is specifically denied.,Control Implementation Validation,Specified → Rule-sets map “necessary” services to allow rules; everything else to deny = traceable policy→enforcement.,Indirect → Necessity rationale can be documented; not required.,Indirect → Evidence via configs/logs; immutability not specified.,"Indirect → As requirements change, rules change; cadence not specified.",Specified → Enforcing allow-list/deny-all is governance.,Indirect → Determining “necessary” uses reasoning; method not mandated.,,,
,1.3.2,Outbound traffic from the CDE is restricted to only traffic that is necessary; all other traffic is specifically denied.,Control Implementation Validation,Specified → Same as 1.3.1 for egress mappings.,Indirect → As above.,Indirect → As above.,Indirect → As above.,Specified → As above.,Indirect → As above.,,,
,1.3.3,NSCs are installed between all wireless networks and the CDE such that all wireless traffic from wireless networks into the CDE is denied by default and only authorized traffic is allowed.,Control Implementation Validation,Specified → Placement and default-deny create an explicit path→control lineage.,Indirect → Allowed set can be explained; not required.,Indirect → Config/log artefacts exist; no immutability duty.,Indirect → Allowed set must evolve with business needs.,Specified → Deployment/allow-list approval is governance.,Indirect → Defining “authorised” traffic requires reasoning.,,,
,1.4.1,NSCs are implemented between trusted and untrusted networks.,Control Implementation Validation,Indirect → Topology→control mapping is inherent; not mandated as an artefact.,Not specified,Indirect → Deployment records exist; integrity not required.,"Indirect → As zones change, placement may adjust.",Specified → Implementation choice is governance.,Indirect → Determining trust boundaries involves reasoning.,,,
,1.4.2,Inbound traffic from untrusted networks to trusted networks is restricted to authorized communications or stateful responses; all other traffic is denied.,Control Implementation Validation,Specified → Authorised comms/stateful rules map directly to enforcement objects.,Indirect → Criteria for “authorised” can be expressed; not required.,Indirect → Evidence via configs/logs; no integrity mandate.,Indirect → Rules evolve with services.,Specified → Deny-all with exceptions is governed.,Indirect → Determining authorisations requires reasoning.,,,
,1.4.3,Anti-spoofing measures are implemented to detect and block forged source IP addresses from entering the trusted network.,Continuous Monitoring and Anomaly Detection; Control Implementation Validation,Indirect → Measure→event→block chain can be recorded; not mandated.,Indirect → Rationale for measures is explainable; no duty.,Indirect → Logs of detections/blocks exist; immutability not stated.,Indirect → Tuning evolves with tactics.,Specified → “Implemented” detection/blocking is a governed control.,Specified → Detecting and deciding what to block uses structured logic against signatures/heuristics.,,,
,1.4.4,System components that store cardholder data are not directly accessible from untrusted networks.,Control Implementation Validation,Specified → Network segmentation/isolation maps assets→controls preventing direct access.,Indirect → Rationale is reviewable via design; not mandated.,Indirect → Evidence via diagrams/configs; integrity not stated.,Indirect → Segmentation adapts with environment.,Specified → Enforcing isolation is governance.,Indirect → Determining “direct access” scenarios involves reasoning.,,,
,1.4.5,The disclosure of internal IP addresses and routing information is limited to only authorized parties.,Control Implementation Validation,Indirect → Mapping info classes→authorised parties possible; not required.,Indirect → Justification can be provided; not required.,Indirect → Access controls/logs exist; integrity not specified.,Indirect → Authorised party list changes over time.,Specified → Limitation/authorisation is a governance function.,Indirect → Determining who is “authorised” requires reasoning.,,,
,1.5.1,"Security controls are implemented on any computing devices that connect to both untrusted networks and the CDE, with defined configuration settings, actively running controls, and restrictions on user alteration.",Control Implementation Validation; Continuous Monitoring and Anomaly Detection,Specified → Device→required control→config linkage is explicit in the text.,Indirect → Defined settings make choices reviewable; no explain duty.,Indirect → Control/config evidence exists; immutability not required.,"Indirect → As threats/platforms change, settings/controls must adjust.",Specified → Enforcing configs and preventing user alteration is governance.,Indirect → Choosing which controls/settings apply involves structured evaluation.,,,
2: Apply secure configurations to all system components,2.1.1,"All security policies and operational procedures that are identified in Requirement 2 are documented, kept up to date, in use, and known to all affected parties.",Requirement-to-Control Mapping and Gap Analysis,Specified : Documented→in-use→known creates a policy→procedure→practice lineage.,Indirect : Communication aids human understanding; no duty to justify choices.,Indirect : Records must exist; immutability/tamper-evidence not stated.,Specified : “Kept up to date” mandates revision with change.,Specified : Ensuring use/awareness is a governance obligation.,Indirect,Deciding updates/applicability requires evaluation; no formal inference steps mandated.,,
,2.1.2,"Roles and responsibilities for performing activities in Requirement 2 are documented, assigned, and understood.",Requirement-to-Control Mapping and Gap Analysis,Specified : Documented role→activity mapping is explicit lineage to accountable owners.,Indirect : “Understood” supports clarity; no formal explanation duty.,Indirect : Role records exist; integrity controls not stated.,Indirect : Roles may change; cadence not mandated.,Specified : “Assigned” is formal delegation/authority.,Indirect,Matching responsibilities to activities needs judgement; method not prescribed.,,
,2.2.1,"Configuration standards are developed, implemented, and maintained to cover all system components; address all known vulnerabilities; align with industry-accepted hardening standards or vendor recommendations; be updated as new vulnerability issues are identified; and be applied before or immediately after connection to production.",Vulnerability and Risk Assessments (VA-RA); Control Implementation Validation,Specified : Standards map requirements/threats→config baselines and deployment.,Indirect : Referencing standards improves comprehension; no explicit justification duty.,Indirect : Standard/baseline artefacts exist; immutability not required.,Specified : “Maintained… updated as new vulnerability issues” = continuous adaptation.,Specified : Develop/implement/approve/apply = governance gates.,Indirect,Selecting controls and mapping vulnerabilities to baselines requires structured judgement; steps not mandated.,,
,2.2.2,"Vendor default accounts are managed: if used, the default password is changed per Requirement 8.3.6; if not used, the account is removed or disabled.",Control Implementation Validation; Evidence Collection and Management,Specified : Account state→control action mapping is explicit (change/remove/disable).,Indirect : Rationale is implicit (harden defaults); explanation not mandated.,Indirect : Proof of change/disable exists; integrity not specified.,"Indirect : As accounts/features change, actions must follow.",Specified : “Managed… changed/removed/disabled” = governed enforcement.,Indirect,Choosing change/remove/disable paths and validating outcomes involves analysis; criteria referenced but not required to be justified.,,
,2.2.3,"Primary functions requiring different security levels are separated, isolated, or all secured to the level required by the function with the highest security need.",Control Implementation Validation; Evidence Collection and Management,Indirect : Mapping functions→segregation level can be recorded; not mandated.,Indirect : “Highest security need” conveys rationale; no explicit explanation duty.,Indirect : Designs/configs provide evidence; integrity not stated.,Indirect : Security needs evolve with services.,Specified : Separation/isolating to highest level is a governance decision.,Indirect,Assessing security levels and deciding separation vs. uplifting to highest need is risk reasoning; not mandated.,,
,2.2.4,"Only necessary services, protocols, daemons, and functions are enabled; all unnecessary functionality is removed or disabled.",Vulnerability and Risk Assessments (VA-RA); Control Implementation Validation,Specified : Necessity mapping (need→enable) is explicit and traceable.,Indirect : “Necessity” can be justified; duty not required.,Indirect : Artefacts exist (allow lists/configs); immutability not stated.,Indirect : Necessity changes with business/tech.,Specified : Enable/disable decisions under policy = governance.,Indirect,Determining “necessary” functionality involves business/technical judgement; justification not required.,,
,2.2.5,"If any insecure services, protocols, or daemons are present, business justification is documented and additional mitigating security features are implemented.",Vulnerability and Risk Assessments (VA-RA); Control Implementation Validation,Specified : Documented justification→mitigation creates a clear lineage from risk to control.,"Specified : Justification must be documented, making the rationale explicit.",Indirect : Evidence of justification/mitigation exists; integrity not mandated.,"Indirect : As risks change, justifications/mitigations must update.",Specified : Implementing mitigations under approval is governance.,Specified,Documented business justification plus selecting mitigations is an explicit reasoning duty.,,
,2.2.6,System security parameters are configured to prevent misuse.,Control Implementation Validation,Indirect : Parameters→misuse cases mapping can be recorded; not required.,Indirect : Rationale exists (prevent misuse); no explanation duty.,Indirect : Config evidence exists; immutability not stated.,Indirect : Parameters evolve with threats.,Specified : Configuration enforcement is governance.,Indirect,Selecting parameters to prevent misuse entails threat-informed judgement; no formal method required.,,
,2.2.7,All non-console administrative access is encrypted using strong cryptography.,Control Implementation Validation,Specified : Requirement maps admin channel→encryption controls directly.,Indirect : Choice of methods can be explained; not required.,Indirect : Config/proof exists; integrity not mandated.,Indirect : Crypto settings evolve with standards.,Specified : Enforcing encryption is a governance control.,Indirect,Choosing strong cryptographic mechanisms for admin channels requires technical judgement; not mandated.,,
,2.3.1,"For wireless environments connected to the CDE or transmitting account data, all wireless vendor defaults (e.g., encryption keys, AP passwords, SNMP) are changed or confirmed secure.",Control Implementation Validation,Specified : Defaults→action (change/confirm secure) is explicit and traceable.,Indirect : “Confirmed secure” rationale can be explained; not required.,Indirect : Evidence of change/verification exists; integrity not stated.,Indirect : Keys/settings must change with staff/risks.,Specified : Change/verification under policy = governance.,Indirect,Evaluating whether defaults are “secure” and deciding change vs. keep involves analysis; no narrative duty.,,
,2.3.2,"For wireless environments connected to the CDE or transmitting account data, wireless encryption keys are changed whenever personnel with knowledge of the key leave the company/role, or when a key is suspected or known to be compromised.",Control Implementation Validation,Specified : Trigger→action mapping (departures/compromise→change keys) is explicit.,Indirect : Rationale is evident; no narrative duty.,Indirect : Key change records exist; integrity not mandated.,Specified : Explicit triggers impose adaptive rotation.,Specified : Enforcing rotation on triggers is governance.,Indirect,"Applying trigger logic (leaver/compromise → rotate) uses assessment, but no explicit reasoning artefact.",,
3: Protect stored account data,3.1.1,"All security policies and operational procedures that are identified in Requirement 3 are documented, kept up to date, in use, and known to all affected parties.",Requirement-to-Control Mapping and Gap Analysis,Specified : Policy→procedure→practice lineage for stored data controls.,Indirect : Awareness aids understanding; no explicit justification duty.,Indirect : Records exist; immutability not stated.,Specified : “Kept up to date” mandates adaptation.,Specified : Ensuring use/awareness is governance.,Indirect,Deciding updates/applicability requires evaluation; no formal inference steps mandated.,,
,3.1.2,"Roles and responsibilities for performing activities in Requirement 3 are documented, assigned, and understood.",Requirement-to-Control Mapping and Gap Analysis,Specified : Documented role→activity mapping to owners.,Indirect : “Understood” helps reviewers; no explicit explanation duty.,Indirect : Role records exist; integrity not stated.,Indirect : Roles may change; cadence not set.,Specified : Assignment is governance.,Indirect,Allocating roles to activities requires judgement; method not prescribed.,,
,3.2.1,"Account data storage is kept to a minimum through retention and disposal policies covering all storage locations, SAD before authorisation, defined retention periods, secure deletion, and quarterly verification.",Vulnerability and Risk Assessments (VA-RA); Evidence Collection and Management,Specified : Policies/verification map data→location→retention→deletion lineage.,Indirect : Policies/verification reports make approach understandable.,Specified : “Secure deletion” and verification imply integrity of deletion evidence.,Specified : “Kept to a minimum” with periodic verification mandates continuous adjustment.,Specified : Enforcing retention/deletion and running verification is governance.,Indirect,Defining “minimum” and verifying retention/disposal involves analysis; justification not required.,,
,3.3.1,Sensitive authentication data (SAD) is not stored after authorisation; all SAD received is rendered unrecoverable upon completion of the authorisation process.,Control Implementation Validation; Evidence Collection and Management,Specified : Event (authorisation)→action (no store/unrecoverable) creates clear lineage.,Indirect : Rationale is inherent (reduce risk); no narrative duty.,Specified : “Unrecoverable” requires integrity of sanitisation evidence.,Indirect : Process must keep pace with flows; cadence implicit.,Specified : Enforcing non-retention is governance.,Indirect,Choosing mechanisms to render SAD unrecoverable entails technical reasoning; not mandated.,,
,3.3.1.1,The full contents of any track are not stored upon completion of the authorisation process.,Control Implementation Validation; Evidence Collection and Management,Specified : Track data→no-store mapping is explicit.,Not specified,Indirect : Artefacts of verification exist; integrity not stated here (covered in 3.3.1).,Indirect : Applies whenever flows change.,Specified : Enforcing prohibition is governance.,Not specified,Pure prohibition; no reasoning requirement.,,
,3.3.1.2,Card verification codes are not stored upon completion of the authorisation process.,Control Implementation Validation; Evidence Collection and Management,Specified : CVC→no-store mapping explicit.,Not specified,Indirect : Verification artefacts exist; integrity not specified here.,Indirect : As above.,Specified : Enforcing prohibition is governance.,Not specified,Pure prohibition; no reasoning requirement.,,
,3.3.1.3,PINs and PIN blocks are not stored upon completion of the authorisation process.,Control Implementation Validation; Evidence Collection and Management,Specified : PIN/PIN block→no-store mapping explicit.,Not specified,Indirect : Verification artefacts exist; integrity not specified here.,Indirect : As above.,Specified : Enforcing prohibition is governance.,Not specified,Pure prohibition; no reasoning requirement.,,
,3.3.2,SAD stored electronically prior to authorisation is encrypted using strong cryptography.,Control Implementation Validation,Specified : SAD (pre-auth)→encryption mapping explicit.,Indirect : Choice of crypto can be explained; not required.,Indirect : Evidence of encryption exists; integrity not mandated.,Indirect : Crypto posture evolves.,Specified : Enforcing strong crypto is governance.,Indirect,Selecting and configuring “strong cryptography” requires technical judgement; not mandated.,,
,3.3.3,Additional requirement for issuers: any SAD storage is limited to legitimate business needs and is secured with strong cryptography.,Evidence Collection and Management; Control Implementation Validation,Specified : Business need→allowance; strong crypto→control linkage.,Indirect : “Legitimate business need” improves explainability.,Indirect : Evidence of need and crypto exists; immutability not stated.,Indirect : Needs and crypto standards change.,Specified : Approving storage and enforcing crypto is governance.,Indirect,Determining “legitimate business need” and enforcing crypto involves reasoning; documentation not required.,,
,3.4.1,"PAN is masked when displayed (only BIN and last four digits), with full PAN visible only to roles with documented business need.",Control Implementation Validation; Evidence Collection and Management,Specified : Display state→masking rules→role mapping is explicit and traceable.,Indirect : Business-need documentation supports interpretation.,Indirect : Display logs/configs exist; integrity not mandated.,Indirect : Needs may change; controls must follow.,Specified : Role-based visibility and masking enforcement are governance.,Indirect,Determining roles with business need and setting masking exceptions needs judgement; no formal explanation duty.,,
,3.4.2,"When using remote-access technologies, technical controls prevent copy/relocation of PAN except for explicitly authorised personnel with legitimate business need.",Control Implementation Validation,Specified : Control rules map role/need→allow; others→prevent.,Indirect : “Legitimate need” provides explainability; no duty.,Indirect : Enforcement artefacts exist; integrity not stated.,Indirect : Need/roles change; rules must adapt.,Specified : Allow/deny enforcement is governance.,Indirect,Deciding who is “explicitly authorised” with legitimate need involves reasoning; not mandated.,,
,3.5.1,"PAN is rendered unreadable wherever stored using one-way hashes, truncation, tokens, or strong encryption with key management.",Control Implementation Validation,Specified : Storage→method mapping explicit.,Indirect : Choice among methods is explainable; not required.,Specified : Use of crypto/tokens implies integrity and authenticity of protection artefacts and keys.,"PAN is rendered unreadable wherever stored using one-way hashes, truncation, tokens, or strong encryption with key management.",Control Implementation Validation,Specified : Storage→method mapping explicit.,Indirect : Choice among methods is explainable; not required.,Specified : Use of crypto/tokens implies integrity and authenticity of protection artefacts and keys.,"PAN is rendered unreadable wherever stored using one-way hashes, truncation, tokens, or strong encryption with key management."
,3.5.1.1,"Hashes used to render PAN unreadable are keyed cryptographic hashes of the entire PAN, with key management processes per 3.6 and 3.7.",Control Implementation Validation,Specified : Method→constraints→key management linkage explicit.,Indirect : Rationale is clear; no narrative duty.,Specified : Key management linkage supports integrity of protection.,"Hashes used to render PAN unreadable are keyed cryptographic hashes of the entire PAN, with key management processes per 3.6 and 3.7.",Control Implementation Validation,Specified : Method→constraints→key management linkage explicit.,Indirect : Rationale is clear; no narrative duty.,Specified : Key management linkage supports integrity of protection.,"Hashes used to render PAN unreadable are keyed cryptographic hashes of the entire PAN, with key management processes per 3.6 and 3.7."
,3.5.1.2,"If disk-level or partition-level encryption is used, it applies only to removable media, or else PAN is also rendered unreadable by another approved method.",Control Implementation Validation,Specified : Architecture choice→additional control mapping explicit.,Indirect : Rationale is interpretable; no duty.,Indirect : Evidence of dual protections exists; integrity not stated.,Indirect : Controls evolve with storage design.,Specified : Applying additional method is governance.,Indirect,Selecting additional encryption or compensating controls involves evaluation; method not prescribed.,,
,3.5.1.3,"If disk/partition encryption is used, logical access is separate from OS auth, keys are not tied to user accounts, and access factors are securely stored.",Control Implementation Validation,Specified : Separation of duties and key handling rules mapped to control design.,Indirect : Rationale is clear (avoid single-point compromise).,Indirect : Artefacts/configs exist; integrity not mandated.,Indirect : Design evolves.,Specified : Enforcing separation and key handling is governance.,Indirect,Designing separation of auth and key handling requires structured reasoning to avoid coupling; not mandated.,,
,3.6.1,"Procedures protect cryptographic keys against disclosure/misuse: access limited to custodians, key-encrypting keys as strong as data keys, stored separately and securely.",Control Implementation Validation,Specified : Key management rules map risks→controls.,Indirect : Rationale is evident; no explanation duty.,Specified : Storage/separation imply integrity and authenticity of key material.,Indirect : Practices evolve with risk/tech.,Specified : Enforcing procedures is governance.,Indirect,Applying key protection principles and mapping risks to control strength involves judgement; no formal reasoning artefact required.,,
,3.6.1.1,"Service providers maintain documentation of the cryptographic architecture (algorithms, keys, expiry, key usage, HSM/KMS inventory).",Evidence Collection and Management,Specified : Architecture docs provide full key→use→lifecycle lineage.,Indirect : Docs increase explainability; no explicit justification duty.,Indirect : Docs must exist; immutability not required.,Indirect : Architecture evolves; docs must be updated.,Indirect : Governance implied; approvals not stated.,Indirect,Documenting cryptographic architecture and ensuring completeness involves analytical reasoning; not mandated.,,
,3.6.1.2,"Secret/private keys are stored only as encrypted with KEK, within secure devices (HSM/PTS), or as two or more key shares.",Control Implementation Validation,Specified : Storage method→control mapping explicit.,Not specified,Specified : Secure storage methods imply integrity and authenticity of key custody.,Indirect : Methods may change with tech.,Specified : Enforcing storage constraints is governance.,Indirect,Selecting secure storage method and key-splitting mechanism reflects design reasoning; not required to justify.,,
,3.6.1.3,Access to cleartext cryptographic key components is restricted to the fewest number of custodians necessary.,Control Implementation Validation,Specified : Custodian→access rule mapping explicit.,Indirect : “Fewest necessary” provides understandable intent.,Indirect : Access logs/controls exist; integrity not mandated.,Indirect : Custodian set may change.,Specified : Restricting access is governance.,Indirect,Determining minimal custodian set requires risk-based reasoning; process not formalised.,,
,3.6.1.4,Cryptographic keys are stored in the fewest possible locations.,Control Implementation Validation,Indirect : Locations→policy mapping can be recorded; not mandated.,Indirect : Rationale is clear (reduce exposure).,Indirect : Evidence of locations exists; integrity not stated.,Indirect : Locations may change.,Specified : Enforcing consolidation is governance.,Indirect,Assessing where keys are stored and consolidating to reduce exposure involves reasoning; not required.,,
,3.7.1,Key management policies include generation of strong cryptographic keys.,Requirement-to-Control Mapping and Gap Analysis; Control Implementation Validation,Specified : Policy→control linkage for key generation is explicit.,Indirect : “Strong” is explainable via criteria; no duty.,Indirect : Artefacts exist; integrity not mandated.,Indirect : Strength criteria evolve.,Specified : Approving policies and enforcing is governance.,Indirect,Defining what constitutes “strong” key generation criteria requires technical reasoning; not mandated.,,
,3.7.2,Key management policies include secure distribution of cryptographic keys.,Requirement-to-Control Mapping and Gap Analysis; Control Implementation Validation,Specified : Policy→distribution controls mapping explicit.,Indirect : Rationale can be explained; not required.,Indirect : Evidence of secure distribution exists; integrity not stated.,Indirect : Distribution methods evolve.,Specified : Policy enforcement is governance.,Indirect,Designing secure distribution paths and validating them involves procedural reasoning; not required.,,
,3.7.3,Key management policies include secure storage of cryptographic keys.,Requirement-to-Control Mapping and Gap Analysis; Control Implementation Validation,Specified : Policy→storage controls mapping explicit.,Indirect : Rationale is clear; no explanation duty.,Indirect : Storage evidence exists; integrity likely implied elsewhere.,Indirect : Storage approaches evolve.,Specified : Policy enforcement is governance.,Indirect,Defining secure storage methods and linking to policy involves reasoning; not mandated.,,
,3.7.4,Key management policies include retirement or replacement of cryptographic keys at end of cryptoperiod.,Requirement-to-Control Mapping and Gap Analysis; Control Implementation Validation,Specified : Cryptoperiod end→retire/replace mapping explicit.,Indirect : Lifecycle rationale is understandable.,Indirect : Rotation records exist; integrity not mandated.,Specified : Lifecycle rotation enforces adaptation.,Specified : Enforcing rotation schedules is governance.,Indirect,Deciding retirement or replacement timing and implementing cryptoperiod logic uses lifecycle reasoning; no explicit requirement.,,
,3.7.5,"Key management policies include retirement, replacement, or destruction of keys when compromised, expired, or weakened.",Requirement-to-Control Mapping and Gap Analysis; Control Implementation Validation,Specified : Trigger (compromise/expired/weakened)→action mapping explicit.,Indirect : Justification inherent; no narrative duty.,Indirect : Evidence of actions exists; integrity not specified.,Specified : Triggered adaptation mandated.,Specified : Executing these actions is governance.,Indirect,Applying triggers (compromise/expiry/weakening) to select replacement actions involves analytical reasoning; not mandated.,,
,3.7.6,Manual cleartext key operations use split knowledge and dual control so no individual can reconstruct a key.,Control Implementation Validation,Specified : Controls→objective mapping explicit (split knowledge/dual control).,Indirect : Rationale is clear; no explanation duty.,Specified : Dual control/split knowledge imply integrity of custody and operations evidence.,Indirect : Practices evolve.,Specified : Enforcing dual control is governance.,Indirect,Implementing split knowledge and dual control reflects explicit logical reasoning against single-point compromise; not required to document.,,
,3.7.7,Key management policies prevent unauthorised substitution of cryptographic keys.,Requirement-to-Control Mapping and Gap Analysis; Control Implementation Validation,Specified : Policy→anti-substitution controls mapping explicit.,Indirect : Rationale is clear; no duty.,Indirect : Evidence of controls exists; integrity not specified.,Indirect : Controls evolve with threats.,Specified : Enforcing policy is governance.,Indirect,Designing and enforcing anti-substitution mechanisms requires reasoning; not formally required.,,
,3.7.8,Key custodians formally acknowledge responsibilities in writing/electronically.,Evidence Collection and Management,Specified : Acknowledgement provides custodian→duty lineage.,Indirect : Acknowledgement text aids understanding.,Indirect : Signed/recorded acknowledgements exist; integrity not mandated here.,Indirect : Custodian set may change.,Specified : Formal acknowledgement is a governance step.,Indirect,Confirming custodian responsibility and mapping accountability involves reasoning; documentation serves evidence.,,
,3.7.9,"Service providers provide customers guidance on secure transmission, storage, and updating of shared cryptographic keys.",Requirement-to-Control Mapping and Gap Analysis; Evidence Collection and Management,Indirect : Guidance maps provider practices→customer controls; not mandated as trace.,Indirect : Guidance improves explainability to customers.,Indirect : Guidance artefacts exist; immutability not required.,Indirect : Guidance must evolve with practices.,Specified : Providing and maintaining guidance is a governance commitment.,Indirect,Developing customer guidance on secure key handling requires reasoning about threat models and usability; not mandated.,,
4: Protect cardholder data during transmission,4.1.1,"All security policies and operational procedures that are identified in Requirement 4 are documented, kept up to date, in use, and known to all affected parties.",Requirement-to-Control Mapping and Gap Analysis,Specified : Documented→in-use→known forms policy→procedure→practice lineage.,Indirect : Awareness aids understanding; no explicit justification duty.,Indirect : Records exist; immutability not stated.,Specified : “Kept up to date” mandates revision with change.,Specified : Ensuring use/awareness is a governance obligation.,Indirect : Deciding updates/applicability requires evaluation.,,,
,4.1.2,"Roles and responsibilities for performing activities in Requirement 4 are documented, assigned, and understood.",Requirement-to-Control Mapping and Gap Analysis,Specified : Documented role→activity mapping to accountable owners.,Indirect : “Understood” supports clarity; no formal explanation required.,Indirect : Role records exist; integrity not stated.,Indirect : Roles can change; cadence not mandated.,Specified : “Assigned” = formal delegation.,Indirect : Allocation choices involve reasoning.,,,
,4.2.1,"Strong cryptography and security protocols are implemented to safeguard PAN over open, public networks (trusted keys/certificates, validate certs, disable insecure versions/fallbacks, appropriate encryption strength).",Control Implementation Validation,Specified : Mandates direct mapping PAN-in-transit→crypto/protocol controls.,Indirect : Choices are reviewable; no duty to narrate rationale.,Indirect : Config/validation records exist; immutability not stated.,Indirect : Disabling insecure versions/choosing strength implies posture must evolve.,Specified : Implement/enforce crypto settings is governance.,Indirect : Selecting protocols/strengths requires structured judgement.,,,
,4.2.1.1,An inventory of the entity’s trusted keys and certificates used to protect PAN during transmission is maintained.,Evidence Collection and Management,Specified : Inventory provides key/cert→flow lineage for audit.,Indirect : Inventory improves interpretability.,Indirect : Inventory exists; integrity not mandated.,Specified : “Maintained” = keep current.,Indirect : Maintenance governed; approvals not explicit.,Indirect : Curation requires evaluation; no formal method.,,,
,4.2.1.2,Wireless networks transmitting PAN or connected to the CDE use industry best practices to implement strong cryptography for authentication and transmission.,Control Implementation Validation,Indirect : Practices→controls mapping can be recorded; not required.,Indirect : “Best practices” are understandable to reviewers.,Indirect : Config/test artefacts exist; immutability not stated.,Indirect : Best practices evolve; posture must follow.,Specified : Implement per best practice = governance.,Indirect : Selecting suites/settings involves reasoning.,,,
,4.2.2,PAN is secured with strong cryptography whenever it is sent via end-user messaging technologies.,Control Implementation Validation,Specified : PAN-via-messaging→crypto control mapping explicit.,Indirect : Method choice can be explained; no duty.,Indirect : Evidence of crypto exists; integrity not mandated.,Indirect : Methods evolve with tech/threats.,Specified : Enforcing crypto use is governance.,Indirect : Selecting mechanisms involves reasoning.,,,
5: Protect all systems and networks from malicious software,5.1.1,"All security policies and operational procedures that are identified in Requirement 5 are documented, kept up to date, in use, and known to all affected parties.",Requirement-to-Control Mapping and Gap Analysis,Specified : Policy→procedure→practice lineage.,Indirect : Awareness aids understanding.,Indirect : Records exist; no immutability cue.,Specified : “Kept up to date” = adaptation.,Specified : Ensuring use/awareness is governance.,Indirect : Update decisions require evaluation.,,,
,5.1.2,"Roles and responsibilities for performing activities in Requirement 5 are documented, assigned, and understood.",Requirement-to-Control Mapping and Gap Analysis,Specified : Role→activity mapping to owners.,Indirect : “Understood” helps reviewers.,Indirect : Role records exist; integrity not stated.,Indirect : Roles may change.,Specified : Assignment is governance.,Indirect : Allocation involves reasoning.,,,
,5.2.1,"An anti-malware solution(s) is deployed on all system components, except for those system components identified in periodic evaluations per Requirement 5.2.3 that concludes the system components are not at risk from malware.",Control Implementation Validation,Specified : Deploy everywhere with explicit exception path (per 5.2.3) = traceable coverage.,Indirect : Exception rationale reviewable via 5.2.3.,Indirect : Deployment/exception records exist; integrity not stated.,Indirect : Coverage must change with risk; cadence via 5.2.3.,Specified : Deployment/exception approval is governance.,Indirect : Determining exception applicability involves reasoning.,,,
,5.2.2,"The deployed anti-malware solution(s) detects, removes, blocks, or contains all known types of malware.",Control Implementation Validation,Indirect : Capabilities→coverage mapping can be shown; not mandated.,Indirect : Coverage is interpretable; no explanation duty.,Indirect : Logs/results exist; integrity not specified.,Indirect : “Known types” evolve; updates implied (5.3.1).,Specified : Operating capability is governance.,Indirect : Tuning/signature choices involve reasoning.,,,
,5.2.3,"Any system components that are not at risk for malware are evaluated periodically to include a documented list, identification and evaluation of evolving threats, and confirmation whether such components continue to not require anti-malware protection.",Vulnerability and Risk Assessments (VA-RA); Evidence Collection and Management,Specified : Documented list + evaluations create explicit lineage for exceptions.,Specified : Evaluation content (threat identification/evaluation) is inherently explainable.,Indirect : Docs exist; immutability not required.,Specified : “Evaluated periodically” + “evolving threats”.,Specified : Formal confirmation path is governance.,Specified : Threat evaluation and confirmation demand structured reasoning.,,,
,5.2.3.1,The frequency of periodic evaluations of system components identified as not at risk for malware is defined in the entity’s targeted risk analysis.,Vulnerability and Risk Assessments (VA-RA),Indirect : Risk analysis→frequency decision is traceable.,Indirect : Rationale can be articulated via TRA.,Not specified,Specified : Frequency derived from risk analysis = adaptive cadence.,Specified : Setting frequency via TRA is governance.,Specified : TRA is a formal reasoning exercise.,,,
,5.3.1,The anti-malware solution(s) is kept current via automatic updates.,Control Implementation Validation,Indirect : Update records map version→date; not mandated as trace.,Not specified,Not specified,Specified : “Kept current via automatic updates”.,Specified : Operating update mechanism is governance.,Not specified,,,
,5.3.2,"The anti-malware solution(s) performs periodic scans and active or real-time scans, or performs continuous behavioural analysis of systems or processes.",Continuous Monitoring and Anomaly Detection,Indirect : Scan/analysis→detections lineage can be shown; not required.,Indirect : Results are interpretable to reviewers.,Indirect : Logs/results exist; integrity not stated.,Indirect : Tuning/modes evolve with risk.,Specified : Operating scan/analysis modes is governance.,Specified : Classification of behaviour and detections involves structured reasoning.,,,
,5.3.2.1,"If periodic malware scans are performed, the frequency of scans is defined in the entity’s targeted risk analysis.",Vulnerability and Risk Assessments (VA-RA),Indirect : TRA→frequency mapping is traceable.,Indirect : Rationale lives in TRA.,Not specified,Specified : Frequency adapts based on risk.,Specified : Approving frequency is governance.,Specified : TRA is formal reasoning.,,,
,5.3.3,"For removable electronic media, the anti-malware solution(s) performs automatic scans or continuous behavioural analysis when the media is inserted, connected, or logically mounted.",Continuous Monitoring and Anomaly Detection,Indirect : Trigger→action chain (insert→scan/analyse) traceable; not mandated.,Indirect : Triggers/actions are understandable.,Indirect : Scan logs exist; integrity not specified.,Indirect : Tuning evolves with threat/media types.,Specified : Enforcing trigger-based scanning is governance.,Indirect : Choosing modes/responses involves reasoning.,,,
,5.3.4,Audit logs for the anti-malware solution(s) are enabled and retained in accordance with Requirement 10.5.1.,Evidence Collection and Management,Specified : “In accordance with 10.5.1” ties logs to a defined retention/control regime.,Indirect : Logs enable human review; no narration duty.,"Indirect : Integrity is implied by the cross-reference, but this clause only requires enable/retain.",Indirect : Retention windows may change with policy.,Specified : Enabling/retaining per policy is governance.,Indirect : Interpreting alerts/findings involves reasoning.,,,
,5.3.5,"Anti-malware mechanisms cannot be disabled or altered by users, unless specifically documented and authorised by management on a case-by-case basis for a limited time period.",Control Implementation Validation; Evidence Collection and Management,Indirect : Exception cases map user/system→approval→window; not mandated as formal trace.,Indirect : Documented authorisation makes the exception understandable.,Indirect : Authorisation records exist; immutability not specified.,Indirect : Limited-time exceptions imply adaptive reversion.,Specified : “Authorised by management … case-by-case” = explicit governance.,Indirect : Assessing risk/need per exception requires reasoning.,,,
,5.4.1,Processes and automated mechanisms are in place to detect and protect personnel against phishing attacks.,Continuous Monitoring and Anomaly Detection,Indirect : Mechanism→detection→protection chain can be logged; not mandated.,Indirect : Training/alerts explain protections; not required.,"Indirect : Evidence exists (alerts, metrics); integrity not stated.",Indirect : Tactics evolve; controls must adapt.,Specified : Operating processes and mechanisms is governance.,Specified : Detection and decisioning about protection actions are reasoning activities.,,,
,5.4.1,Processes and automated mechanisms are in place to detect and protect personnel against phishing attacks.,Continuous Monitoring and Anomaly Detection,,,,,,,,,
6: Develop and maintain secure systems and software,6.1.1,All security policies and operational procedures that are identified in Requirement 6 are: • Documented. • Kept up to date. • In use. • Known to all affected parties.,Requirement-to-Control Mapping and Gap Analysis,Specified : Documented→in-use→known forms policy→procedure→practice lineage.,Indirect : Awareness aids human understanding; no duty to narrate rationale.,Indirect : Records exist; immutability not stated.,Specified : “Kept up to date” mandates revision with change.,Specified : Ensuring use/awareness is governance.,Indirect : Deciding updates/applicability involves evaluation.,,,
,6.1.2,"Roles and responsibilities for performing activities in Requirement 6 are documented, assigned, and understood.",Requirement-to-Control Mapping and Gap Analysis,Specified : Documented role→activity mapping to accountable owners.,Indirect : “Understood” supports clarity; no formal explanation required.,Indirect : Role records exist; integrity not stated.,Indirect : Roles can change; cadence not mandated.,Specified : “Assigned” = formal delegation.,Indirect : Allocation choices involve reasoning.,,,
,6.2.1,"Bespoke and custom software are developed securely, based on industry standards and/or best practices, in accordance with PCI DSS, and incorporating security throughout the SDLC.",Control Implementation Validation,Specified : Maps requirements/best practices→SDLC controls and artefacts.,Indirect : Referencing standards improves comprehension; no narrative duty.,Indirect : SDLC artefacts exist; immutability not mandated.,Specified : “Throughout the SDLC” implies continual application as software evolves.,Specified : Enforcing secure SDLC is governance.,Specified : Selecting and applying controls per standard is structured reasoning.,,,
,6.2.2,"Software development personnel working on bespoke and custom software are trained at least once every 12 months on secure development, coding, and use of testing tools.",Requirement-to-Control Mapping and Gap Analysis,Indirect : Training records tie people→competency; not a control→mandate trace.,Indirect : Syllabi aid understanding; no explanation duty.,Indirect : Training records exist; integrity not specified.,Specified : Annual cadence = adaptation of skills.,Specified : Mandated training is governance.,Indirect : Determining training scope involves reasoning.,,,
,6.2.3,Bespoke and custom software is reviewed prior to release into production to identify and correct potential coding vulnerabilities.,Control Implementation Validation; Evidence Collection and Management,Specified : Review→findings→remediation links to release gate.,Indirect : Findings/defect notes are interpretable.,Indirect : Review artefacts exist; immutability not stated.,Indirect : Reviews occur at each release/change.,Specified : Pre-production review gate is governance.,Specified : Identifying and deciding fixes is structured reasoning.,,,
,6.2.4,"If manual code reviews are performed, they are conducted by someone other than the code author, reviewed for security, and approved by management before release.",Control Implementation Validation; Evidence Collection and Management,Specified : Reviewer independence→approval mapping explicit.,Indirect : Review notes make decisions understandable.,Indirect : Review/approval records exist; integrity not mandated.,Indirect : Applies per release; cadence implicit.,Specified : “Approved by management” = explicit governance.,Specified : Security review and approval require formal reasoning.,,,
,6.2.5,"Software engineering techniques or other methods are defined and in use to prevent or mitigate common software attacks (injection, XSS, CSRF, weak crypto, access control flaws, etc.).",Control Implementation Validation,Specified : Techniques map threats→controls with defined usage.,Indirect : Mappings are explainable; no duty to narrate.,Indirect : Artefacts (policies/configs) exist; integrity not stated.,Indirect : Techniques evolve with threats.,Specified : “Defined and in use” under management.,Specified : Selecting mitigations per threat class is structured reasoning.,,,
,6.3.1,"Security vulnerabilities are identified and managed using industry sources, assigned risk rankings, and tracked for bespoke, custom, and third-party software.",Vulnerability and Risk Assessments (VA-RA); Evidence Collection and Management,Specified : Source→identify→rank→track establishes an auditable chain.,Indirect : Rankings and notes explain prioritisation.,Indirect : Tracking records exist; immutability not mandated.,Specified : Continuous identification and tracking = adaptation.,Specified : Managing lifecycle is governance.,Specified : Risk ranking and disposition are formal reasoning.,,,
,6.3.2,"An inventory of bespoke, custom, and third-party software components is maintained to facilitate vulnerability and patch management.",Evidence Collection and Management,Specified : Inventory ties components→patch/vulnerability posture.,Indirect : Inventory aids understanding.,Indirect : Inventory exists; integrity not mandated.,Specified : “Maintained” = kept current.,Indirect : Governance implied; approvals not explicit.,Indirect : Curation involves evaluation.,,,
,6.3.3,All system components are protected from known vulnerabilities by installing applicable security patches/updates within defined timelines.,Control Implementation Validation; Evidence Collection and Management,Specified : Known vuln→patch within timeline = explicit mapping.,Indirect : Justification via timelines is reviewable.,Indirect : Patch evidence exists; immutability not mandated.,Specified : Timelines enforce ongoing adaptation.,Specified : Enforcing SLAs for patching is governance.,Specified : Assess applicability/urgency is structured reasoning.,,,
,6.4.1,"For public-facing web applications, either (a) annual or post-change manual/automated vulnerability assessments are performed, or (b) an automated technical solution (e.g., WAF/RASP) is implemented to detect and prevent attacks.",Control Implementation Validation,Specified : Choice A/B maps assurance approach→control posture.,Indirect : Rationale for A vs B is explainable.,Indirect : Evidence (scan reports/WAF configs) exists; no immutability.,Specified : Annual/post-change cadence or continuous solution.,Specified : Selecting and operating A or B is governance.,Specified : Selecting and tuning approach requires formal reasoning.,,,
,6.4.2,"For public-facing web applications, an automated technical solution (e.g., WAF, RASP) is deployed, actively running, generating audit logs, and blocking or alerting on web-based attacks.",Control Implementation Validation; Continuous Monitoring and Anomaly Detection; Evidence Collection and Management,Specified : Deployed→running→logging→blocking/alerting creates a clear evidence chain.,Indirect : Logs/alerts are interpretable.,Specified : “Generating audit logs” and enforcement imply evidence integrity expectations.,Indirect : Tuning evolves with threats.,Specified : Deployment and operation are governance.,Specified : Detection and blocking logic is structured reasoning.,,,
,6.4.3,"All payment page scripts executed in the consumer’s browser are authorised, integrity-checked, and inventoried with justification.",Control Implementation Validation; Evidence Collection and Management,Specified : Script→authorisation→integrity→inventory with justification = full lineage.,Specified : “Justification” requires explicit rationale.,Specified : “Integrity-checked” + inventory imply artefact integrity and tamper-evidence.,Indirect : Script set changes with site updates.,Specified : Authorisation is a governance gate.,Specified : Deciding necessity and verifying integrity require formal reasoning.,,,
,6.5.1,"Changes to system components in production follow established change procedures including approval, security impact assessment, testing, and rollback processes.",Requirement-to-Control Mapping and Gap Analysis; Evidence Collection and Management,Specified : Change→approval→SIA→test→rollback is an explicit trace chain.,Indirect : SIA/test results explain choices.,Indirect : Change records exist; immutability not mandated.,Specified : Procedure ensures controlled adaptation.,Specified : Approvals and gates are governance.,Specified : Impact assessment/testing is formal reasoning.,,,
,6.5.2,"After a significant change, all applicable PCI DSS requirements are confirmed to be in place and documentation is updated.",Control Implementation Validation; Evidence Collection and Management,Specified : Post-change confirmation maps change→requirements→evidence.,Indirect : Updated docs make status clear.,Indirect : Confirmation records exist; integrity not stated.,Specified : Triggered reassessment/update = adaptation.,Specified : Confirmation and updates are governance.,Indirect : Determining applicability involves reasoning.,,,
,6.5.3,Pre-production environments are separated from production with enforced access controls.,Control Implementation Validation,Indirect : Separation design→controls can be mapped; not mandated.,Indirect : Clear separation is understandable.,Indirect : Evidence (configs) exists; integrity not stated.,Indirect : Controls evolve with environment.,Specified : Enforced separation is governance.,Indirect : Defining boundaries requires reasoning.,,,
,6.5.4,Roles and functions are separated between production and pre-production environments to ensure accountability.,Requirement-to-Control Mapping and Gap Analysis,Indirect : Role mappings can be traced; not compelled.,Indirect : Separation rationale is clear.,Indirect : Role records exist; no integrity cue.,Indirect : May change with org structure.,Specified : Enforcing separation is governance.,Indirect : Designing separation involves reasoning.,,,
,6.5.5,"Live PANs are not used in pre-production environments, except where included in the CDE and protected per PCI DSS.",Control Implementation Validation,Specified : Data class→environment policy mapping explicit.,Indirect : Exception basis is explainable.,Indirect : Evidence of controls exists; integrity not mandated.,Indirect : Controls adapt with environments.,Specified : Enforcing prohibition/exception is governance.,Indirect : Determining exception scope involves reasoning.,,,
7: Restrict Access to System Components and Cardholder Data by Business Need to Know,7.1.1,All security policies and operational procedures that are identified in Requirement 7 are: • Documented. • Kept up to date. • In use. • Known to all affected parties.,Requirement-to-Control Mapping and Gap Analysis,Specified : Policy→procedure→practice lineage.,Indirect : Awareness aids understanding.,Indirect : Records exist; no immutability cue.,Specified : “Kept up to date” = adaptation.,Specified : Ensuring use/awareness is governance.,Indirect : Update decisions require evaluation.,,,
,7.1.2,"Roles and responsibilities for performing activities in Requirement 7 are documented, assigned, and understood.",Requirement-to-Control Mapping and Gap Analysis,Specified : Role→activity mapping to owners.,Indirect : “Understood” helps reviewers.,Indirect : Role records exist; integrity not stated.,Indirect : Roles may change.,Specified : Assignment is governance.,Indirect : Allocation involves reasoning.,,,
,7.2.1,An access control model is defined and includes granting access as follows: • Appropriate access depending on business needs. • Based on job classification and function. • Least privileges required to perform the job.,Requirement-to-Control Mapping and Gap Analysis,Specified : Model maps criteria→grant rules→lineage to business need.,Indirect : Model clarifies rationale; no narration duty.,Indirect : Model artefacts exist; integrity not stated.,Indirect : Model evolves with org needs.,Specified : Defining the model is governance.,Specified : Balancing least privilege vs need is formal reasoning.,,,
,7.2.2,"Access is assigned to users, including privileged users, based on job classification and function, and least privileges necessary to perform responsibilities.",Control Implementation Validation; Evidence Collection and Management,Specified : Assignment rules map job→rights with least privilege.,Indirect : Basis is understandable via roles.,Indirect : Assignment records exist; integrity not stated.,Indirect : Roles change; reassignment needed.,Specified : Assigning rights is governance.,Indirect : Determining minimum rights requires reasoning.,,,
,7.2.3,Required privileges are approved by authorised personnel.,Requirement-to-Control Mapping and Gap Analysis; Evidence Collection and Management,Specified : Request→approval mapping is explicit lineage.,Indirect : Approval notes explain decisions.,Indirect : Approval records exist; integrity not mandated.,Indirect : Privilege sets change over time.,Specified : “Approved by authorised personnel” = governance.,Indirect : Assessing appropriateness is reasoning.,,,
,7.2.4,"All user accounts and related access privileges, including third-party/vendor accounts, are reviewed at least once every six months to ensure appropriateness, with issues addressed and management acknowledgement.",Audit and Reporting; Evidence Collection and Management,Specified : Review→issues→management acknowledgement creates an audit trail.,Indirect : Reviews articulate rationale; no duty to narrate method.,Indirect : Review artefacts exist; integrity not stated.,Specified : Six-monthly cadence mandates adaptation.,Specified : Reviews and acknowledgement are governance.,Indirect : Evaluating appropriateness involves reasoning.,,,
,7.2.5,"All application and system accounts and related access privileges are assigned and managed based on least privilege and limited to required systems, applications, or processes.",Control Implementation Validation,Specified : Least-privilege mapping explicit.,Indirect : Basis is understandable; no narration duty.,Indirect : Evidence exists; integrity not stated.,Indirect : Changes require reassessment.,Specified : Managing accounts is governance.,Indirect : Determining limits requires reasoning.,,,
,7.2.5.1,"All access by application and system accounts and related privileges is reviewed periodically (per targeted risk analysis) to confirm appropriateness, remediate issues, and obtain management acknowledgement.",Audit and Reporting; Evidence Collection and Management,Specified : TRA→review cadence→remediation→acknowledgement = clear chain.,Indirect : Reviews/TRA make rationale explicit.,Indirect : Logs/reports exist; integrity not mandated.,Specified : Cadence derives from risk analysis.,Specified : Remediation and acknowledgement are governance.,Specified : TRA and review decisions are formal reasoning.,,,
,7.2.6,All user access to query repositories of stored cardholder data is restricted via applications or programmatic methods based on roles and least privilege; only administrators have direct query access.,Control Implementation Validation,Specified : Role→method restriction mapping explicit.,Indirect : Rationale is understandable.,Indirect : Config/log evidence exists; integrity not stated.,Indirect : Roles/needs evolve.,Specified : Enforcing restrictions is governance.,Indirect : Determining exceptions/admin scope requires reasoning.,,,
,7.3.1,An access control system(s) is in place that restricts access based on a user’s need to know and covers all system components.,Control Implementation Validation,Specified : System maps need-to-know→enforcement across scope.,Indirect : System configuration is interpretable.,Indirect : Evidence exists; integrity not mandated.,Indirect : Controls evolve with needs.,Specified : Operating the system is governance.,Indirect : Modelling need-to-know involves reasoning.,,,
,7.3.2,"The access control system(s) is configured to enforce permissions assigned to individuals, applications, and systems based on job classification and function.",Control Implementation Validation,Specified : Job→permissions mapping explicit.,Indirect : Mapping is reviewable.,Indirect : Config/assignments exist; integrity not stated.,Indirect : Roles change; configs must follow.,Specified : Enforcing configuration is governance.,Indirect : Determining mappings requires reasoning.,,,
,7.3.3,The access control system(s) is set to “deny all” by default.,Control Implementation Validation,Specified : Default-deny→explicit allow rules traceable to need.,Indirect : Rationale is evident.,Indirect : Evidence via configs/logs; no integrity mandate.,Indirect : Allow set evolves.,Specified : Default policy is governance.,Indirect : Curating exceptions involves reasoning.,,,
8: Identify Users and Authenticate Access to System Components,8.1.1,All security policies and operational procedures that are identified in Requirement 8 are: • Documented. • Kept up to date. • In use. • Known to all affected parties.,Requirement-to-Control Mapping and Gap Analysis,Specified : Policy→procedure→practice lineage.,Indirect : Awareness aids understanding.,Indirect : Records exist; no immutability cue.,Specified : “Kept up to date” = adaptation.,Specified : Ensuring use/awareness is governance.,Indirect : Update decisions require evaluation.,,,
,8.1.2,"Roles and responsibilities for performing activities in Requirement 8 are documented, assigned, and understood.",Requirement-to-Control Mapping and Gap Analysis,Specified : Role→activity mapping to owners.,Indirect : “Understood” helps reviewers.,Indirect : Role records exist; integrity not stated.,Indirect : Roles may change.,Specified : Assignment is governance.,Indirect : Allocation involves reasoning.,,,
,8.2.1,All users are assigned a unique ID before access to system components or cardholder data is allowed.,Control Implementation Validation; Evidence Collection and Management,"Specified : User→unique ID→access mapping explicit, enabling lineage.",Indirect : Basis is understandable.,Indirect : ID records exist; integrity not mandated.,Indirect : IDs lifecycle adapts with users.,Specified : Enforcing unique IDs is governance.,Indirect : Handling exceptions/service accounts requires reasoning.,,,
,8.2.2,"Group, shared, or generic IDs or other shared authentication credentials are only used when necessary on an exception basis, with controls ensuring accountability and traceability.",Control Implementation Validation; Evidence Collection and Management,Specified : Exception→controls→traceability mapping explicit.,Specified : “Ensuring accountability and traceability” enhances explanation of who did what.,Indirect : Logs/approvals exist; integrity not stated.,Indirect : Exceptions change over time.,Specified : Exception use under controls is governance.,Indirect : Deciding necessity and controls involves reasoning.,,,
,8.2.3,Service providers with remote access to customer premises use unique authentication factors for each customer premises.,Control Implementation Validation,Specified : Customer→unique factor mapping explicit.,Indirect : Rationale is understandable.,Indirect : Records/configs exist; integrity not mandated.,Indirect : Factors may change.,Specified : Enforcing unique factors is governance.,Indirect : Selecting factor types involves reasoning.,,,
,8.2.4,"Addition, deletion, and modification of user IDs, authentication factors, and other identifier objects are authorised and implemented with documented approval.",Control Implementation Validation; Evidence Collection and Management,Specified : ID/factor change→approval chain explicit.,Indirect : Approvals explain decisions.,Indirect : Approval/change records exist; integrity not stated.,Indirect : Changes occur over lifecycle.,Specified : “Authorised … with documented approval” = governance.,Indirect : Assessing legitimacy involves reasoning.,,,
,8.2.5,Access for terminated users is immediately revoked.,Control Implementation Validation; Evidence Collection and Management,Specified : Termination event→revoke mapping explicit.,Indirect : Rationale is evident.,Indirect : Revocation records exist; integrity not mandated.,Indirect : Triggered per event.,Specified : Enforcing immediate revocation is governance.,Indirect : Handling edge cases requires reasoning.,,,
,8.2.6,Inactive user accounts are removed or disabled within 90 days of inactivity.,Control Implementation Validation; Evidence Collection and Management,Specified : Inactivity trigger→action within SLA explicit.,Indirect : Basis is clear.,Indirect : Action records exist; integrity not stated.,Specified : SLA cadence mandates adaptation.,Specified : Enforcing SLA is governance.,Indirect : Identifying legitimate exceptions involves reasoning.,,,
,8.2.7,"Accounts used by third parties for remote access are enabled only when needed, disabled when not in use, and monitored for unexpected activity.",Control Implementation Validation; Continuous Monitoring and Anomaly Detection,Specified : Need→enable/disable→monitor chain explicit.,Indirect : Monitoring findings aid understanding.,Indirect : Logs/alerts exist; integrity not stated.,Indirect : Usage patterns evolve; monitoring adapts.,Specified : Enabling/disabling/monitoring is governance.,Indirect : Defining “needed” and unexpected activity requires reasoning.,,,
,8.2.8,"If a user session is idle for more than 15 minutes, the user is required to re-authenticate to reactivate the session.",Control Implementation Validation,Specified : Idle threshold→re-auth rule explicit.,Not specified,Indirect : Config evidence exists; integrity not stated.,Indirect : Thresholds may change by policy.,Specified : Enforcing timeout is governance.,Indirect : Choosing thresholds involves reasoning.,,,
,8.3.1,"All user access to system components is authenticated via at least one factor (something you know, have, or are).",Control Implementation Validation,Specified : Access→factor requirement mapping explicit.,Not specified,Indirect : Config evidence exists; integrity not stated.,Indirect : Factor models evolve.,Specified : Enforcing factor requirement is governance.,Indirect : Selecting acceptable factors requires reasoning.,,,
,8.3.2,Strong cryptography is used to render all authentication factors unreadable during transmission and storage.,Control Implementation Validation,Specified : Factors→crypto protection mapping explicit.,Indirect : Choice of crypto is interpretable.,Specified : Crypto protection implies integrity/authenticity of factor data at rest/in transit.,Indirect : Crypto posture evolves.,Specified : Enforcing crypto is governance.,Indirect : Choosing algorithms/controls involves reasoning.,,,
,8.3.3,User identity is verified before modifying any authentication factor.,Control Implementation Validation; Evidence Collection and Management,Specified : Verify identity→then modify factor chain explicit.,Indirect : Verification steps explain changes.,Indirect : Verification records exist; integrity not specified.,Indirect : Verification methods may change.,Specified : Enforcing verification is governance.,Indirect : Selecting verification strength requires reasoning.,,,
,8.3.4,"Invalid authentication attempts are limited by locking out the account after not more than 10 attempts, with a lockout duration of at least 30 minutes or until identity is confirmed.",Control Implementation Validation,Specified : Attempts threshold→lockout duration rules explicit.,Indirect : Rationale is clear to reviewers.,Indirect : Lockout logs exist; integrity not mandated.,Indirect : Thresholds may change with policy.,Specified : Enforcing thresholds/durations is governance.,Indirect : Balancing usability vs security requires reasoning.,,,
,8.3.5,"Passwords/passphrases (if used) are unique at first use or reset, and forced to be changed immediately after first use.",Control Implementation Validation,Specified : Event→action mapping explicit.,Indirect : Basis understandable.,Indirect : Reset/change records exist; integrity not stated.,Indirect : Policies can evolve.,Specified : Enforcing uniqueness/change is governance.,Indirect : Handling exceptions requires reasoning.,,,
,8.3.6,Passwords/passphrases (if used) meet minimum complexity requirements: • At least 12 characters (or 8 if system limitation). • Include both numeric and alphabetic characters.,Control Implementation Validation,Specified : Complexity rules→enforcement mapping explicit.,Indirect : Rules are clear to reviewers.,Indirect : Config evidence exists; integrity not mandated.,Indirect : Rules may evolve.,Specified : Enforcing complexity is governance.,Indirect : Deciding exceptions/legacy requires reasoning.,,,
,8.3.7,New passwords/passphrases cannot be the same as any of the last four previously used.,Control Implementation Validation,Specified : History rule→enforcement explicit.,Not specified,Indirect : Evidence exists; integrity not stated.,Indirect : History depth may change.,Specified : Enforcing history is governance.,Indirect : Choosing depth involves reasoning.,,,
,8.3.8,"Authentication policies and procedures are documented and communicated to all users, including guidance on selecting and protecting authentication factors, non-reuse, and incident reporting.",Requirement-to-Control Mapping and Gap Analysis,Specified : Documentation/communication link policy→users.,Specified : Guidance provides human-readable explanation.,Indirect : Artefacts exist; integrity not stated.,Indirect : Guidance must update with changes.,Specified : Publication/communication is governance.,Indirect : Determining guidance content involves reasoning.,,,
,8.3.9,"If passwords/passphrases are the only authentication factor, they are changed at least every 90 days OR access is dynamically risk-assessed in real time.",Control Implementation Validation; Vulnerability and Risk Assessments (VA-RA),Specified : Option A (rotation) or B (risk-based) maps to control strategy.,Indirect : Strategy rationale is interpretable.,Indirect : Evidence exists (rotation logs/RBA configs); integrity not stated.,Specified : 90-day cadence or dynamic RBA = adaptation.,Specified : Selecting/enforcing strategy is governance.,Specified : RBA and rotation decisions require formal reasoning.,,,
,8.3.10,"(Service providers only) If passwords/passphrases are the only authentication factor for customer access to CHD, guidance is provided on when and how to change them.",Requirement-to-Control Mapping and Gap Analysis,Indirect : Guidance ties provider practices→customer actions; not mandated as trace.,Indirect : Guidance improves explainability.,Indirect : Artefacts exist; integrity not required.,Indirect : Guidance must evolve with best practice.,Specified : Providing/maintaining guidance is governance.,Indirect : Tailoring guidance involves reasoning.,,,
,8.3.10.1,"(Service providers only, effective March 2025) If passwords/passphrases are the only authentication factor, they must be changed every 90 days OR dynamic risk-based access is enforced.",Control Implementation Validation; Vulnerability and Risk Assessments (VA-RA),Specified : Effective-date trigger→control mapping explicit.,Indirect : Strategy choice is explainable.,Indirect : Evidence of compliance exists; integrity not stated.,Specified : Date-driven adoption enforces adaptation.,Specified : Enforcing chosen path is governance.,Specified : Selecting/applying RBA vs rotation is reasoning.,,,
,8.3.11,"Where tokens, smart cards, or certificates are used, they are assigned to individual users, not shared, and protected by controls ensuring only the intended user can use them.",Control Implementation Validation,Specified : Credential→individual mapping and protections explicit.,Indirect : Rationale is understandable.,Indirect : Assignment/protection records exist; integrity not stated.,Indirect : Protections evolve.,Specified : Assignment and controls are governance.,Indirect : Choosing controls requires reasoning.,,,
,8.4.1,MFA is implemented for all non-console administrative access into the CDE.,Control Implementation Validation,Specified : Access class→MFA mapping explicit.,Not specified,Indirect : Config evidence exists; integrity not mandated.,Indirect : Methods evolve.,Specified : Enforcing MFA is governance.,Indirect : Choosing factors/policies requires reasoning.,,,
,8.4.2,MFA is implemented for all non-console access into the CDE.,Control Implementation Validation,Specified : All non-console→MFA mapping explicit.,Not specified,Indirect : Evidence exists; integrity not mandated.,Indirect : Methods evolve.,Specified : Enforcing MFA is governance.,Indirect : Selecting configurations requires reasoning.,,,
,8.4.3,MFA is implemented for all remote access from outside the entity’s network that could access or impact the CDE.,Control Implementation Validation,Specified : Remote access→MFA mapping explicit.,Not specified,Indirect : Artefacts exist; integrity not mandated.,Indirect : Policies evolve.,Specified : Enforcing MFA is governance.,Indirect : Defining “could impact” requires reasoning.,,,
,8.5.1,"MFA systems are configured to resist replay attacks, require all factors to succeed before granting access, and cannot be bypassed except under documented, time-limited, management-approved exceptions.",Control Implementation Validation; Evidence Collection and Management,Specified : Security properties and exception controls map to configuration/evidence.,Indirect : Properties/exception docs explain behaviour.,Indirect : Config/exception records exist; integrity not mandated.,Indirect : Protections and exceptions evolve.,Specified : Management-approved exceptions/time-limited = governance.,Specified : Designing anti-replay and exception logic is structured reasoning.,,,
,8.6.1,"If application/system accounts can be used interactively, they are managed on an exception basis, approved by management, attributable to individuals, and time-limited.",Control Implementation Validation; Evidence Collection and Management,Specified : Exception→approval→attribution→time-limit chain explicit.,Indirect : Documentation clarifies rationale.,Indirect : Approval/attribution records exist; integrity not stated.,Indirect : Exceptions change with need.,Specified : Management approval and limits are governance.,Indirect : Determining necessity and limits involves reasoning.,,,
,8.6.2,"Passwords/passphrases for application and system accounts that allow interactive login are not hard-coded in scripts, config files, or source code.",Control Implementation Validation,Specified : Storage location→prohibited mapping explicit.,Not specified,Indirect : Evidence via scans/reviews; integrity not stated.,Indirect : Controls evolve with tooling.,Specified : Enforcing prohibition is governance.,Indirect : Handling legacy/exceptions requires reasoning.,,,
,8.6.3,"Passwords/passphrases for application and system accounts are protected against misuse by being changed periodically (per targeted risk analysis), constructed with sufficient complexity, and updated upon suspicion of compromise.",Control Implementation Validation; Vulnerability and Risk Assessments (VA-RA),Specified : TRA→rotation/complexity/update rules map to controls.,Indirect : TRA and rules make rationale clear.,Indirect : Evidence exists; integrity not mandated.,Specified : Rotation per TRA + event-driven updates = adaptation.,Specified : Enforcing these rules is governance.,Specified : TRA and event evaluation are formal reasoning.,,,
9: Restrict Physical Access to Cardholder Data,9.1.1,All security policies and operational procedures that are identified in Requirement 9 are: • Documented. • Kept up to date. • In use. • Known to all affected parties.,Requirement-to-Control Mapping and Gap Analysis,Specified : Documented→in-use→known forms policy→procedure→practice lineage.,Indirect : Awareness aids human understanding; no duty to narrate rationale.,Indirect : Records must exist; immutability/tamper-evidence not stated.,Specified : “Kept up to date” mandates revision as context changes.,Specified : Ensuring use/awareness is a governance obligation.,Indirect,Determining when and how to update or apply procedures involves evaluation; no explicit reasoning method required.,,
,9.1.2,"Roles and responsibilities for performing activities in Requirement 9 are documented, assigned, and understood.",Requirement-to-Control Mapping and Gap Analysis,Specified : Documented role→activity mapping to accountable owners.,Indirect : “Understood” supports clarity; no formal explanation required.,Indirect : Role records exist; integrity not stated.,Indirect : Roles can change; cadence not mandated.,Specified : “Assigned” = formal delegation.,Indirect,Matching roles to activities and validating coverage involves judgement; not prescribed.,,
,9.2.1,Appropriate facility entry controls are in place to restrict physical access to systems in the CDE.,Control Implementation Validation,Indirect : Controls map zones/assets→entry gates; explicit trace artefact not required.,Indirect : Control design is interpretable; no narrative duty.,Indirect : Badges/logs may exist; immutability not stated.,Indirect : Controls evolve with facilities.,Specified : Implementing and enforcing entry controls is governance.,Indirect,Designing facility access controls appropriate to zones and assets requires reasoning; no formal artefact required.,,
,9.2.1.1,"Individual physical access to sensitive areas within the CDE is monitored via video cameras and/or physical access control mechanisms, protected from tampering, reviewed, and data stored for at least three months.",Continuous Monitoring and Anomaly Detection; Evidence Collection and Management,Specified : Person→event→record linkage enables per-user trace.,Indirect : Reviews make access narratives understandable.,Specified : “Protected from tampering” + retention window = integrity requirements for the records.,Indirect : Review cadence implied; exact frequency not fixed.,"Specified : Operating monitoring, reviews, retention is governance.",Indirect,"Assessing placement, coverage, and sufficiency of video/physical monitoring involves structured reasoning; not mandated.",,
,9.2.2,Physical and/or logical controls are implemented to restrict use of publicly accessible network jacks within the facility.,Control Implementation Validation,Indirect : Jack→restriction mapping can be recorded; not mandated.,Indirect : Rationale is clear; no duty to explain.,Indirect : Evidence of controls exists; integrity not stated.,Indirect : Restrictions evolve with layout/risk.,Specified : Implementing restrictions is governance.,Indirect,Determining which jacks require restriction involves risk reasoning; method not specified.,,
,9.2.3,"Physical access to wireless access points, gateways, networking/communications hardware, and telecommunication lines within the facility is restricted.",Control Implementation Validation,Indirect : Asset→restriction mapping traceable; not compelled.,Indirect : Basis is understandable.,Indirect : Artefacts exist; integrity not stated.,Indirect : Assets/locations change.,Specified : Enforcing physical restrictions is governance.,Indirect,Selecting which network and telecom assets require restriction uses risk-based reasoning; no explicit requirement.,,
,9.2.4,Access to consoles in sensitive areas is restricted via locking when not in use.,Control Implementation Validation,Indirect : Console→lock rule is traceable; no explicit artefact required.,Indirect : Rule is understandable.,Indirect : Evidence (policies/logs) may exist; integrity not stated.,Indirect : Rules may evolve.,Specified : Enforcing lock rules is governance.,Indirect,Defining lock policies for consoles and exceptions involves situational reasoning; not mandated.,,
,9.3.1,"Procedures are implemented for authorising and managing physical access of personnel to the CDE, including identification, managing changes, revocation upon termination, and limiting access to the identification process.",Requirement-to-Control Mapping and Gap Analysis,Specified : Request→identify→approve→change/revoke chain provides lineage.,Indirect : Procedures make decisions reviewable.,Indirect : Records exist; immutability not mandated.,Indirect : Access states change with roles.,Specified : Authorisation and lifecycle steps are governance.,Indirect,"Authorising and revoking access requires evaluating identity, role, and justification; reasoning implicit in process.",,
,9.3.1.1,"Physical access to sensitive areas within the CDE for personnel is controlled, based on job function, revoked immediately upon termination, and all access mechanisms (keys, cards, etc.) are returned or disabled.",Control Implementation Validation; Evidence Collection and Management,Specified : Job function→access→revoke/return mapping explicit.,Indirect : Basis is clear to reviewers.,Indirect : Revocation/return records exist; integrity not stated.,Indirect : Changes occur on events.,Specified : Immediate revocation/return is governance.,Indirect,Determining job-function access levels and timing of revocation uses reasoning; not formalised.,,
,9.3.2,"Procedures are implemented for authorising and managing visitor access to the CDE, including prior authorisation, escorting at all times, issuing badges/IDs that expire and that visibly distinguish visitors from personnel.",Control Implementation Validation,Specified : Visitor request→authorise→escort→badge lifecycle is traceable.,Indirect : Procedures clarify rationale.,Indirect : Badge logs/requests exist; integrity not stated.,Indirect : Visitor controls evolve.,Specified : Authorisation/escorting/badging is governance.,Indirect,Designing visitor management flow and constraints involves procedural reasoning; not mandated.,,
,9.3.3,Visitor badges or identification are surrendered or deactivated before visitors leave the facility or at expiration.,Control Implementation Validation,Indirect : Event→deactivate mapping traceable; not mandated as artefact.,Indirect : Rule is clear.,Indirect : Deactivation logs exist; integrity not stated.,Indirect : Timing aligns with visits.,Specified : Enforcing surrender/deactivation is governance.,Indirect,Applying surrender/deactivation timing uses procedural reasoning; no formal artefact required.,,
,9.3.4,"Visitor logs are maintained for all facility and sensitive area access, recording visitor name, organisation, authorising personnel, date/time, and retained for at least three months.",Evidence Collection and Management; Audit and Reporting,Specified : Log fields create end-to-end visitor trace.,Indirect : Rich fields make access explainable.,Indirect : Retention is mandated; immutability not specified.,Specified : “Maintained… retained ≥3 months” = ongoing operation.,Indirect : Governance implied via authoriser field.,Indirect,Determining log fields and retention sufficiency involves reasoning for audit completeness; not mandated.,,
,9.4.1,All media with cardholder data is physically secured.,Control Implementation Validation,Indirect : Media→control mapping traceable; not required.,Indirect : Rationale is evident.,Indirect : Evidence of controls exists; integrity not stated.,Indirect : Controls adapt with storage posture.,Specified : Enforcing physical security is governance.,Indirect,Defining which media require physical safeguards involves asset-sensitivity reasoning; not prescribed.,,
,9.4.1.1,Offline media backups with cardholder data are stored in a secure location.,Control Implementation Validation,Indirect : Backup→secure location mapping traceable.,Indirect : Basis is understandable.,Indirect : Storage records exist; integrity not stated.,Indirect : Locations/controls may change.,Specified : Enforcing secure storage is governance.,Indirect,Selecting secure backup locations and evaluating their adequacy uses reasoning; no formal artefact required.,,
,9.4.1.2,The security of offline media backup locations with cardholder data is reviewed at least once every 12 months.,Audit and Reporting; Evidence Collection and Management,Specified : Review→findings chain produces auditable lineage.,Indirect : Review write-ups make rationale clear.,Indirect : Review artefacts exist; immutability not stated.,Specified : Annual cadence mandates adaptation.,Specified : Conducting/accepting reviews is governance.,Indirect,Assessing adequacy of backup location controls during annual reviews involves reasoning; not mandated.,,
,9.4.2,All media with cardholder data is classified in accordance with the sensitivity of the data.,Requirement-to-Control Mapping and Gap Analysis,Specified : Data→classification mapping creates control lineage.,Indirect : Classification criteria aid understanding.,Indirect : Classification records exist; integrity not stated.,Indirect : Classifications change with data.,Specified : Applying classification is governance.,Indirect,Applying classification levels according to sensitivity involves analytical reasoning; no explicit duty.,,
,9.4.3,"Media with cardholder data sent outside the facility is logged, transported via secured/tracked methods, and offsite logs include tracking details.",Control Implementation Validation; Evidence Collection and Management,Specified : Shipment→log→tracking builds chain of custody.,Indirect : Tracking details explain movement.,Specified : “Secured/tracked methods” + logs imply integrity of chain-of-custody evidence.,Indirect : Processes evolve with carriers/risks.,Specified : Approving shipment/controls is governance.,Indirect,Selecting secure transport and tracking methods reflects chain-of-custody reasoning; not required to document.,,
,9.4.4,Management approves all media with cardholder data that is moved outside the facility (including distribution to individuals).,Requirement-to-Control Mapping and Gap Analysis; Evidence Collection and Management,Specified : Movement→approval mapping explicit.,Indirect : Approval notes make decisions understandable.,Indirect : Approval records exist; integrity not stated.,Indirect : Approvals align with changing needs.,Specified : “Management approves” = governance gate.,Indirect,Evaluating appropriateness of offsite movement and approving requests involves reasoning; not mandated.,,
,9.4.5,Inventory logs of all electronic media with cardholder data are maintained.,Evidence Collection and Management,Specified : Inventory provides media→owner/location lineage.,Indirect : Inventory aids clarity.,Indirect : Logs exist; immutability not stated.,Specified : “Maintained” = kept current.,Indirect : Stewardship implied; approvals not explicit.,Indirect,Determining logging granularity and verification frequency requires reasoning; not formalised.,,
,9.4.5.1,Inventories of electronic media with cardholder data are conducted at least once every 12 months.,Audit and Reporting; Evidence Collection and Management,Specified : Annual inventory→results create trace.,Indirect : Reports explain status/gaps.,Indirect : Evidence exists; integrity not mandated.,Specified : Annual cadence mandates adaptation.,Specified : Performing inventories is governance.,Indirect,Conducting inventories and interpreting discrepancies involves analytical reasoning; not mandated.,,
,9.4.6,"Hard-copy materials with cardholder data are destroyed when no longer needed, via cross-cut shredding, pulping, or incineration; securely stored before destruction.",Control Implementation Validation,Specified : Need end→secure store→approved destruction method chain.,Indirect : Methods make rationale clear.,Specified : Approved destruction implies integrity of disposal evidence (unrecoverability).,Indirect : Timing/process adapt with needs.,Specified : Enforcing storage/destruction is governance.,Indirect,Selecting and timing destruction methods involves reasoning about recoverability and risk; no formal artefact.,,
,9.4.7,Electronic media with cardholder data is destroyed or rendered unrecoverable when no longer needed for business or legal reasons.,Control Implementation Validation,Specified : Decommission event→unrecoverable state mapping explicit.,Indirect : Rationale is clear.,Specified : “Rendered unrecoverable” implies integrity of sanitisation evidence.,Indirect : Timing aligns with lifecycle/policy.,Specified : Enforcing destruction is governance.,Indirect,Applying destruction or sanitisation techniques involves reasoning about unrecoverability; not required to document.,,
,9.5.1,"POI devices that capture card data via direct physical interaction are protected from tampering and unauthorised substitution through device inventories, inspections, and staff training.",Control Implementation Validation; Evidence Collection and Management,Specified : Inventory→inspect→train chain creates device-level lineage.,Indirect : Training/inspection outcomes explain posture.,Specified : “Protected from tampering” implies integrity of device state evidence.,Indirect : Inspection cadence adapts with risk.,Specified : Operating the programme is governance.,Indirect,"Designing inspection, training, and control processes for POI devices involves reasoning; not mandated.",,
,9.5.1.1,"An up-to-date list of POI devices is maintained, including make/model, location, and serial/unique identifier.",Evidence Collection and Management,Specified : Device ID→location→inventory enables traceability.,Indirect : Rich fields help explain context.,Indirect : Inventory exists; immutability not mandated.,Specified : “Up-to-date” requires continual maintenance.,Indirect : Stewardship implied.,Indirect,Maintaining device records and verifying completeness involves reasoning; not specified.,,
,9.5.1.2,POI device surfaces are periodically inspected for tampering or unauthorised substitution.,Continuous Monitoring and Anomaly Detection,Indirect : Inspection→finding chain can be logged; not compelled.,Indirect : Findings are interpretable.,Indirect : Logs/photos exist; integrity not stated.,Specified : “Periodically” = adaptive cadence.,Specified : Running inspections is governance.,Indirect,Setting inspection methods and interpreting results involves reasoning; not formalised.,,
,9.5.1.2.1,The frequency and type of POI device inspections are defined in the entity’s targeted risk analysis (per Requirement 12.3.1).,Vulnerability and Risk Assessments (VA-RA),Indirect : TRA→cadence/type mapping traceable.,Indirect : TRA documents rationale.,Not specified,Specified : Cadence and method adapt based on risk.,Specified : Setting cadence via TRA is governance.,Indirect,Determining inspection frequency and type through targeted risk analysis reflects explicit risk reasoning.,,
10: Log and Monitor All Access to System Components and Cardholder Data,10.1.1,All security policies and operational procedures that are identified in Requirement 10 are: • Documented. • Kept up to date. • In use. • Known to all affected parties.,Requirement-to-Control Mapping and Gap Analysis,Specified : Documented→in-use→known forms policy→procedure→practice lineage.,Indirect : Awareness aids understanding; no duty to narrate rationale.,Indirect : Records must exist; immutability not stated.,Specified : “Kept up to date” mandates revision with change.,Specified : Ensuring use/awareness is governance.,Indirect : Deciding updates/applicability involves evaluation.,,,
,10.1.2,"Roles and responsibilities for performing activities in Requirement 10 are documented, assigned, and understood.",Requirement-to-Control Mapping and Gap Analysis,Specified : Documented role→activity mapping to accountable owners.,Indirect : “Understood” supports clarity.,Indirect : Role records exist; integrity not stated.,Indirect : Roles can change; cadence not mandated.,Specified : “Assigned” = formal delegation.,Indirect : Allocation choices involve reasoning.,,,
,10.2.1,Audit logs are enabled and active for all system components and cardholder data.,Control Implementation Validation,Specified : Component scope→logging state is explicit and traceable.,Indirect : Posture is understandable; no narrative duty.,Indirect : Logs exist; tamper protection not yet required here.,Indirect : Coverage must evolve with components.,Specified : Enabling/ensuring active logging is governance.,Indirect : Deciding scope details involves reasoning.,,,
,10.2.1.1,Audit logs capture all individual user access to cardholder data.,Evidence Collection and Management,Specified : User→CHD access events are explicitly recorded for lineage.,Indirect : Per-user records support review.,Indirect : Capture mandated; integrity controls addressed later.,Indirect : Fields/coverage may evolve.,Indirect : Operation implied; approvals not stated.,Indirect : Selecting fields/coverage requires reasoning.,,,
,10.2.1.2,"Audit logs capture all actions taken by any individual with administrative access, including any interactive use of application or system accounts.",Evidence Collection and Management,Specified : Admin action→record creates privileged activity trace.,Indirect : Action narratives are reviewable.,Indirect : Existence required; tamper controls later.,Indirect : Admin scope evolves.,Indirect : Operation implied.,Indirect : Deciding granularity involves reasoning.,,,
,10.2.1.3,Audit logs capture all access to audit logs.,Evidence Collection and Management,Specified : Meta-logging gives chain of custody for logs.,Indirect : Access trails explain who touched logs.,Indirect : Integrity controls not yet mandated here.,Indirect : Coverage can evolve.,Indirect : Operation implied.,Indirect : Choosing events/levels involves reasoning.,,,
,10.2.1.4,Audit logs capture all invalid logical access attempts.,Evidence Collection and Management,Specified : Failed attempts→records provide trace to accounts/sources.,Indirect : Aids reviewer interpretation.,Indirect : Integrity handled elsewhere.,Indirect : Thresholds/coverage may change.,Indirect : Operation implied.,Indirect : Defining “invalid attempts” thresholds requires reasoning.,,,
,10.2.1.5,"Audit logs capture all changes to identification and authentication credentials including, but not limited to: • Creation of new accounts. • Elevation of privileges. • All changes, additions, or deletions to accounts with administrative access.",Evidence Collection and Management,Specified : Credential/change events→records = explicit lineage.,Indirect : Change trails explain decisions.,Indirect : Evidence required; tamper control later.,Indirect : Event set evolves.,Indirect : Operation implied.,Indirect : Event taxonomy selection requires reasoning.,,,
,10.2.1.6,"Audit logs capture: • All initialisation of new audit logs. • All starting, stopping, or pausing of the existing audit logs.",Evidence Collection and Management,Specified : Log lifecycle events→records ensure trace of logging state.,Indirect : Enables review of logging availability.,Indirect : Integrity covered in 10.3.x/10.4.x.,Indirect : Lifecycle handling evolves.,Indirect : Operation implied.,Indirect : Interpreting state changes requires reasoning.,,,
,10.2.1.7,Audit logs capture all creation and deletion of system-level objects.,Evidence Collection and Management,Specified : Object lifecycle→records = traceability.,Indirect : Aids understanding of changes.,Indirect : Integrity handled elsewhere.,Indirect : Scope/objects evolve.,Indirect : Operation implied.,Indirect : Defining object scope involves reasoning.,,,
,10.2.2,"Audit logs record the following details for each auditable event: • User identification. • Type of event. • Date and time. • Success and failure indication. • Origination of event. • Identity or name of affected data, system component, resource, or service.",Evidence Collection and Management,Specified : Explicit fields create complete mandate→event lineage.,Indirect : Rich fields make reviews intelligible.,Indirect : Recording fields required; tamper control later.,Indirect : Field sets may extend.,Indirect : Operation implied.,Indirect : Mapping systems to field capture requires reasoning.,,,
,10.3.1,Read access to audit log files is limited to those with a job-related need.,Control Implementation Validation,Specified : Role→permission mapping explicit and traceable.,Indirect : Basis is understandable.,Indirect : Access controls exist; tamper not mandated here.,Indirect : Roles/needs evolve.,Specified : Enforcing least-read is governance.,Indirect : Defining job need requires reasoning.,,,
,10.3.2,Audit log files are protected to prevent modifications by individuals.,Control Implementation Validation,Specified : Anti-modification requirement directly traceable.,Indirect : Rationale is clear.,Specified : Modification prevention is a direct integrity protection.,Indirect : Mechanisms evolve.,Specified : Enforcing protections is governance.,Indirect : Choosing mechanisms involves reasoning.,,,
,10.3.3,"Audit log files, including those for external-facing technologies, are promptly backed up to a secure, central, internal log server(s) or other media that is difficult to modify.",Control Implementation Validation,Specified : Source→central store mapping explicit.,Indirect : Centralisation aids reviewability.,Specified : “Difficult to modify” + secure central store = integrity safeguard.,Indirect : Targets/methods evolve.,Specified : Operating backup/centralisation is governance.,Indirect : Choosing media/topology requires reasoning.,,,
,10.3.4,File integrity monitoring or change-detection mechanisms are used on audit logs to ensure that existing log data cannot be changed without generating alerts.,Continuous Monitoring and Anomaly Detection,Specified : FIM/change detection directly enforces tamper-evidence.,Indirect : Alerts make issues explainable.,Specified : Tamper→alert linkage is an integrity control.,Indirect : Rules/tuning evolve.,Specified : Operating FIM is governance.,Indirect : Tuning thresholds/correlation involves reasoning.,,,
,10.4.1,"The following audit logs are reviewed at least once daily: • All security events. • Logs of all system components that store, process, or transmit CHD and/or SAD. • Logs of all critical system components. • Logs of all servers and system components that perform security functions (for example, firewalls, IDS/IPS, authentication servers).",Continuous Monitoring and Anomaly Detection,Specified : Defined scope→daily review chain traceable.,Indirect : Reviews provide human-readable narratives.,Indirect : Review records exist; integrity not mandated here.,Specified : Daily cadence = continual adaptation.,Specified : Running/overseeing reviews is governance.,Specified : Triage and analysis are structured reasoning.,,,
,10.4.1.1,Automated mechanisms are used to perform audit log reviews. (Best practice until 31 March 2025; required thereafter.),Continuous Monitoring and Anomaly Detection,Specified : Date-based requirement maps tooling→process lineage.,Indirect : Automation outcomes are interpretable.,Indirect : Evidence of automation exists; integrity not stated.,Specified : Transition to “required” enforces adaptation by date.,Specified : Selecting/operating tooling is governance.,Indirect : Tuning automation involves reasoning.,,,
,10.4.2,Logs of all other system components (those not specified in 10.4.1) are reviewed periodically.,Continuous Monitoring and Anomaly Detection,Indirect : Scope→periodic review chain can be recorded; cadence elsewhere.,Indirect : Reviews are intelligible.,Indirect : Review evidence exists; integrity not stated.,Indirect : Cadence adapts.,Specified : Ensuring periodic reviews is governance.,Indirect : Determining frequency/scope requires reasoning.,,,
,10.4.2.1,The frequency of periodic log reviews for all other system components is defined in the entity’s targeted risk analysis (per Requirement 12.3.1). (Best practice until 31 March 2025; required thereafter.),Vulnerability and Risk Assessments (VA-RA); Continuous Monitoring and Anomaly Detection,Indirect : TRA→frequency mapping is traceable.,Indirect : TRA documents rationale.,Not specified,Specified : Risk-based cadence and date-driven enforcement = adaptation.,Specified : Setting cadence via TRA is governance.,Specified : TRA is formal reasoning.,,,
,10.4.3,Exceptions and anomalies identified during the review process are addressed.,Incident Response and Recovery,Indirect : Finding→response linkage can be logged; not mandated here.,Indirect : Response write-ups are explainable.,Indirect : IR artefacts exist; integrity not stated.,Indirect : Responses evolve by incident.,Specified : Addressing anomalies is governance.,Specified : Triage/root-cause/decisioning is structured reasoning.,,,
,10.5.1,"Retain audit log history for at least 12 months, with at least the most recent three months immediately available for analysis.",Evidence Collection and Management,Specified : Retention window + availability produce clear evidence lineage over time.,Indirect : Availability supports reviewer comprehension.,Specified : Retention controls underpin integrity of historical evidence.,Indirect : Storage tiers/policies evolve.,Specified : Enforcing retention/availability is governance.,Indirect : Selecting storage/archival strategies involves reasoning.,,,
,10.6.1,System clocks and time are synchronised using time-synchronisation technology.,Control Implementation Validation,Specified : Time source→systems mapping explicit (foundation for trace).,Indirect : Consistent time aids interpretation.,Indirect : Sync evidence exists; tamper control later.,Indirect : Sources/methods may change.,Specified : Operating time sync is governance.,Indirect : Choosing tech/topology involves reasoning.,,,
,10.6.2,Systems are configured to the correct and consistent time as follows: • One or more designated time servers are in use. • Only the designated central time server(s) receives time from external sources. • Time is based on International Atomic Time or UTC. • Time servers peer with one another if multiple. • Internal systems receive time only from designated time servers.,Control Implementation Validation,Specified : Explicit architecture rules create clear trace from authoritative time→systems.,Indirect : Rules make behaviour explainable.,Indirect : Configs/logs exist; integrity not mandated here.,Indirect : Server set/peering may evolve.,Specified : Enforcing architecture is governance.,Indirect : Designing topology/peering requires reasoning.,,,
,10.6.3,"Time synchronisation settings and data are protected as follows: • Access to time data is restricted to only personnel with a business need. • Any changes to time settings on critical systems are logged, monitored, and reviewed.",Control Implementation Validation; Evidence Collection and Management,Specified : Access control + change logging create trace to authorised changes.,Indirect : Reviews make changes understandable.,"Specified : “Logged, monitored, reviewed” are direct integrity and oversight safeguards.",Indirect : Controls/rules evolve.,Specified : Enforcing restrictions/reviews is governance.,Indirect : Evaluating changes requires reasoning.,,,
,10.7.1,"(Service providers only, superseded by 10.7.2 after 31 March 2025) Failures of critical security control systems are detected, alerted, and addressed promptly, including but not limited to: • Network security controls. • IDS/IPS. • FIM. • Anti-malware solutions. • Physical access controls. • Logical access controls. • Audit logging mechanisms. • Segmentation controls (if used).",Continuous Monitoring and Anomaly Detection,Indirect : Failure→alert→response chain can be traced; not mandated.,Indirect : Alerts/actions explain posture.,Indirect : Artefacts exist; integrity not stated.,Specified : Date-bounded supersession demands adaptation.,Specified : Operating detection/alert/response is governance.,Indirect : Defining failure criteria requires reasoning.,,,
,10.7.2,"(All entities, required after 31 March 2025) Failures of critical security control systems are detected, alerted, and addressed promptly, including but not limited to: • Network security controls. • IDS/IPS. • Change-detection mechanisms. • Anti-malware solutions. • Physical access controls. • Logical access controls. • Audit logging mechanisms. • Segmentation controls (if used). • Audit log review mechanisms. • Automated security testing tools (if used).",Continuous Monitoring and Anomaly Detection,Specified : Expanded scope→detection/alert/response chain explicit.,Indirect : Alerts/actions explain posture.,Indirect : Evidence exists; integrity not mandated.,Specified : Effective date forces adaptation across all entities.,Specified : Ensuring coverage and response is governance.,Indirect : Setting thresholds and coverage requires reasoning.,,,
,10.7.3,"Failures of any critical security control systems are responded to promptly, including but not limited to: • Restoring security functions. • Documenting duration and cause. • Remediating root cause. • Addressing security issues arising during failure. • Determining whether further actions are required. • Implementing controls to prevent recurrence. • Resuming monitoring of security controls.",Incident Response and Recovery,Specified : Response steps form an end-to-end evidenceable chain.,Indirect : Documentation/steps make rationale explicit.,Specified : “Documenting …” and “prevent recurrence” imply integrity of incident evidence.,Indirect : Responses adapt to incident specifics.,Specified : Executing/approving IR steps is governance.,Specified : Root-cause analysis and action selection are formal reasoning.,,,
11: Test Security of Systems and Networks Regularly,11.1.1,All security policies and operational procedures that are identified in Requirement 11 are: • Documented. • Kept up to date. • In use. • Known to all affected parties.,Requirement-to-Control Mapping and Gap Analysis,Specified: Documented→in-use→known forms policy→procedure→practice lineage.,Indirect: Awareness aids understanding; no narration duty.,Indirect: Records exist; immutability not stated.,Specified: “Kept up to date” mandates revision.,Specified: Ensuring use/awareness is governance.,Indirect: Deciding updates/applicability involves evaluation.,,,
,11.1.2,"Roles and responsibilities for performing activities in Requirement 11 are documented, assigned, and understood.",Requirement-to-Control Mapping and Gap Analysis,Specified: Role→activity mapping to owners.,Indirect: “Understood” supports clarity.,Indirect: Role records exist; integrity not stated.,Indirect: Roles can change.,Specified: Assignment is governance.,Indirect: Allocation choices involve reasoning.,,,
,11.2.1,Authorised and unauthorised wireless access points are managed as follows: • Presence tested for • All identified • Testing at least once every three months • Alerts generated if automated monitoring is used.,Continuous Monitoring and Anomaly Detection; Evidence Collection and Management,Specified: AP discovery→identify→(alert) chain creates device-level lineage.,Indirect: Findings/alerts are reviewable.,Indirect: Test/alert artefacts exist; tamper-evidence not stated.,Specified: Quarterly testing + ongoing alerts = adaptation.,Specified: Operating testing/monitoring is governance.,Specified: Deciding classification and triage requires structured reasoning.,,,
,11.2.2,"An inventory of authorised wireless access points is maintained, including documented business justification.",Evidence Collection and Management,Specified: AP→inventory→justification yields clear lineage.,Specified: “Justification” provides explicit rationale.,Indirect: Inventory exists; immutability not mandated.,Specified: “Maintained” = kept current.,Indirect: Stewardship implied.,Indirect: Curating/retiring entries involves reasoning.,,,
,11.3.1,Internal vulnerability scans are performed at least once every three months; high-risk and critical vulnerabilities are resolved; rescans confirm remediation; scan tools up to date; scans by qualified independent personnel.,Vulnerability and Risk Assessments (VA-RA); Evidence Collection and Management,Specified: Scan→find→remediate→rescan produces auditable chain.,Indirect: Severity/notes explain prioritisation.,Indirect: Reports/rescans exist; immutability not required.,Specified: Quarterly cadence + tool updates.,Specified: Using qualified personnel and enforcing remediation is governance.,Specified: Severity assessment and fix validation are formal reasoning.,,,
,11.3.1.1,"All other vulnerabilities (not high/critical) are addressed based on targeted risk analysis, with rescans as needed.",Vulnerability and Risk Assessments (VA-RA); Evidence Collection and Management,Specified: TRA→treatment→(rescan) mapping is traceable.,Indirect: TRA documents rationale.,Indirect: Evidence exists; integrity not mandated.,Specified: “As needed” via TRA = adaptive cadence.,Specified: Approving TRA outcomes is governance.,Specified: TRA is a structured reasoning exercise.,,,
,11.3.1.2,Internal vulnerability scans are performed using authenticated scanning with sufficient privileges (where supported).,Vulnerability and Risk Assessments (VA-RA); Evidence Collection and Management,Specified: Auth mode→coverage mapping explicit.,Indirect: Mode choice is interpretable.,Indirect: Scan configs/results exist; integrity not stated.,Indirect: Privilege scope evolves.,Specified: Enforcing auth scans is governance.,Indirect: Determining “sufficient privileges” requires reasoning.,,,
,11.3.1.3,Internal vulnerability scans are performed after any significant change.,Vulnerability and Risk Assessments (VA-RA); Evidence Collection and Management,Specified: Change event→scan linkage is traceable.,Indirect: Rationale evident.,Indirect: Reports exist; integrity not mandated.,Specified: Event-driven adaptation.,Specified: Triggering post-change scans is governance.,Indirect: Defining “significant change” involves reasoning.,,,
,11.3.2,"External vulnerability scans are performed quarterly by an Approved Scanning Vendor (ASV), with remediation and rescans to confirm.",Vulnerability and Risk Assessments (VA-RA); Evidence Collection and Management,Specified: ASV scan→remediate→rescan produces clear lineage.,Indirect: Reports explain exposure and fixes.,Indirect: Evidence exists; integrity not mandated.,Specified: Quarterly cadence.,Specified: Selecting ASV and enforcing remediation is governance.,Specified: Prioritising and validating fixes is formal reasoning.,,,
,11.3.2.1,External vulnerability scans are performed after any significant change; vulnerabilities with CVSS 4.0+ resolved; rescans confirm remediation.,Vulnerability and Risk Assessments (VA-RA); Evidence Collection and Management,Specified: Change trigger + CVSS threshold→treatment→rescan = trace.,Indirect: CVSS scoring clarifies decisions.,Indirect: Evidence exists; immutability not stated.,Specified: Event-driven adaptation.,Specified: Enforcing thresholds and rescans is governance.,Specified: Using CVSS and deciding closure requires reasoning.,,,
,11.4.1,"A penetration testing methodology is defined, documented, and implemented, covering CDE perimeter, segmentation, application and network layers, recent threats, and retention of results.",Requirement-to-Control Mapping and Gap Analysis; Control Implementation Validation; Evidence Collection and Management,Specified: Methodology→scope→results retention creates full lineage.,Specified: Documented method explains approach.,Indirect: Retention required; explicit tamper-evidence not stated.,Specified: “Recent threats” implies ongoing updates.,Specified: Defining and enforcing methodology is governance.,Specified: Test design and scoping are formal reasoning.,,,
,11.4.2,"Internal penetration testing is performed annually and after significant changes, by qualified independent personnel.",Control Implementation Validation; Evidence Collection and Management,Specified: Annual/triggered tests→reports link to evidence chain.,Indirect: Reports explain findings.,Indirect: Evidence exists; integrity not mandated.,Specified: Annual + event-driven cadence.,Specified: Engaging qualified independent testers is governance.,Indirect: Prioritising fixes is reasoning (closure in 11.4.4).,,,
,11.4.3,"External penetration testing is performed annually and after significant changes, by qualified independent personnel.",Control Implementation Validation; Evidence Collection and Management,Specified: Same as 11.4.2 for external scope.,Indirect: Reports explain findings.,Indirect: Evidence exists; integrity not mandated.,Specified: Annual + event-driven cadence.,Specified: Commissioning tests is governance.,Indirect: Interpreting external findings requires reasoning.,,,
,11.4.4,Exploitable vulnerabilities and weaknesses found during penetration testing are corrected and retested.,Control Implementation Validation; Evidence Collection and Management,Specified: Finding→fix→retest gives end-to-end trace.,Indirect: Retest outcomes explain adequacy.,Indirect: Artefacts exist; immutability not stated.,Indirect: Occurs per test cycle/change.,Specified: Mandating fixes/retests is governance.,Specified: Selecting remediations and declaring closure is reasoning.,,,
,11.4.5,"If segmentation is used, penetration tests are performed on segmentation controls at least annually and after changes, by qualified independent personnel.",Control Implementation Validation; Evidence Collection and Management,Specified: Segmentation scope→annual/triggered tests traceable.,Indirect: Reports clarify isolation efficacy.,Indirect: Evidence exists; integrity not mandated.,Specified: Annual + change-driven adaptation.,Specified: Ensuring testing is governance.,Indirect: Interpreting results requires reasoning.,,,
,11.4.6,"(Service providers only) If segmentation is used, penetration tests on segmentation controls are performed at least every six months and after changes.",Control Implementation Validation; Evidence Collection and Management,Specified: Semi-annual cadence→evidence chain.,Indirect: Reports explain posture.,Indirect: Evidence exists; integrity not mandated.,Specified: More frequent adaptation for service providers.,Specified: Enforcing cadence is governance.,Indirect: Deciding fixes/retention requires reasoning.,,,
,11.4.7,(Multi-tenant service providers only) Service providers support customers’ external penetration testing requirements.,Control Implementation Validation; Evidence Collection and Management,Indirect: Support actions→customer tests traceable; not strictly mandated artefact set.,Indirect: Support plans/SLAs explainability.,Indirect: Support evidence exists; integrity not stated.,Indirect: Customer needs change.,Specified: Providing required support is governance.,Indirect: Coordinating scope/scheduling involves reasoning.,,,
,11.5.1,"Intrusion-detection and/or intrusion-prevention techniques are used to monitor traffic at CDE perimeter and critical points, alert personnel, and keep signatures up to date.",Continuous Monitoring and Anomaly Detection,Indirect: Sensor→alert chain can be recorded; not compelled.,Indirect: Alerts are interpretable.,Indirect: Logs/alerts exist; tamper not specified.,Specified: “Keep signatures up to date” = adaptation.,Specified: Operating IDS/IPS and alerting is governance.,Specified: Tuning detection and triage is reasoning.,,,
,11.5.1.1,"(Service providers only) IDS/IPS detect, alert, and prevent covert malware communication channels, with incident response defined.",Continuous Monitoring and Anomaly Detection; Incident Response and Recovery,Indirect: Detection→alert→IR chain can be traced.,Indirect: IR playbooks provide clarity.,Indirect: Artefacts exist; integrity not mandated.,Indirect: Threat patterns evolve; IR updates follow.,Specified: Running IDS/IPS and IR is governance.,Specified: Detection logic and IR decisioning are reasoning.,,,
,11.5.2,"A change-detection mechanism (for example, file integrity monitoring) is deployed to alert on unauthorised modification of critical files, with comparisons at least weekly.",Continuous Monitoring and Anomaly Detection,Specified: FIM policy→alerts provide clear trace of file state.,Indirect: Alerts explain anomalies.,Specified: FIM inherently provides tamper-evidence for files.,Specified: “At least weekly” comparisons = adaptive cadence.,Specified: Deploying and tuning FIM is governance.,Indirect: Selecting scopes/thresholds requires reasoning.,,,
,11.6.1,A change- and tamper-detection mechanism is deployed to alert on unauthorised modification of HTTP headers and scripts of payment pages as received by the consumer browser.,Continuous Monitoring and Anomaly Detection,Specified: Page element→tamper-alert mapping explicit.,Indirect: Alerts make issues reviewable.,Specified: Tamper detection on headers/scripts protects evidence of page integrity.,Indirect: Rules/signatures evolve.,Specified: Operating the mechanism is governance.,Indirect: Defining detection logic requires reasoning.,,,
12: Support Information Security with Organizational Policies and Programs,12.1.1,"An overall information security policy is established, published, maintained, and disseminated to all relevant personnel, as well as to relevant vendors and business partners.",Requirement-to-Control Mapping and Gap Analysis,Specified : Policy→audience→use creates mandate→practice lineage.,Indirect : Publication aids clarity; no narrative duty.,Indirect : Policy artefacts exist; immutability not stated.,Indirect : “Maintained” implies updates.,Specified : Establish/publish/maintain = governance.,Indirect : Defining policy scope involves reasoning.,,,
,12.1.2,The information security policy is reviewed at least once every 12 months and updated as needed to reflect changes to business objectives or risks to the environment.,Requirement-to-Control Mapping and Gap Analysis,Specified : Review→update records trace policy evolution.,Indirect : Rationale tied to objectives/risks is interpretable.,Indirect : Review artefacts exist; integrity not stated.,Specified : Annual cadence + change-driven updates.,Specified : Approving updates is governance.,Specified : Weighing objectives/risks is formal reasoning.,,,
,12.1.3,"The security policy clearly defines information security roles and responsibilities for all personnel, and all personnel acknowledge their responsibilities.",Requirement-to-Control Mapping and Gap Analysis; Evidence Collection and Management,Specified : Role→responsibility→acknowledgement gives trace to accountability.,Indirect : Definitions/acknowledgements aid understanding.,Indirect : Acknowledgement records exist; integrity not stated.,Indirect : Roles can change.,Specified : Defining/collecting acknowledgements is governance.,Indirect : Assigning responsibilities involves reasoning.,,,
,12.1.4,Responsibility for information security is formally assigned to a CISO or other information security knowledgeable executive.,Requirement-to-Control Mapping and Gap Analysis,Specified : Executive assignment provides clear lineage to accountable owner.,Indirect : Title/authority clarify rationale.,Indirect : Appointment docs exist; integrity not stated.,Indirect : May change with org structure.,Specified : Formal assignment is governance.,Indirect : Selecting the assignee involves reasoning.,,,
,12.2.1,"Acceptable use policies for end-user technologies are documented and implemented, including explicit approval, acceptable uses, and a list of approved products.",Requirement-to-Control Mapping and Gap Analysis,Specified : Approval→policy→product list maps mandate→controls.,Indirect : Policy content explains expectations.,Indirect : Policy/approval records exist.,Indirect : Lists evolve with tech.,Specified : Approvals/implementation are governance.,Indirect : Curating “approved” set requires reasoning.,,,
,12.3.1,"Targeted risk analyses are documented for PCI DSS requirements that specify such analysis, reviewed annually, and updated when necessary.",Vulnerability and Risk Assessments (VA-RA); Evidence Collection and Management,Specified : Requirement→TRA→review→update creates trace.,Indirect : TRA narrative explains risk basis.,Indirect : TRA artefacts exist; integrity not mandated.,Specified : Annual + as-needed updates.,Specified : Approving TRAs is governance.,Specified : TRA itself is structured reasoning.,,,
,12.3.2,"Targeted risk analyses are performed for each PCI DSS requirement met via a customised approach, including documentation, senior management approval, and annual review.",Vulnerability and Risk Assessments (VA-RA); Evidence Collection and Management,Specified : Customised approach→TRA→approval→review = explicit lineage.,Indirect : Documentation explains tailoring.,Indirect : Records exist; integrity not stated.,Specified : Annual review mandates adaptation.,Specified : Senior management approval = governance.,Specified : Justifying custom approach is formal reasoning.,,,
,12.3.3,"Cryptographic cipher suites and protocols in use are documented, reviewed annually, and supported with a plan to respond to vulnerabilities.",Continuous Monitoring and Anomaly Detection; Evidence Collection and Management,Specified : Inventory→review→response plan creates trace.,Indirect : Documentation/plan aid comprehension.,Indirect : Artefacts exist; integrity not mandated.,Specified : Annual review + vuln response = adaptation.,Specified : Approving plans is governance.,Indirect : Selecting deprecations/mitigations requires reasoning.,,,
,12.3.4,"Hardware and software technologies in use are reviewed annually to ensure they remain supported and secure, with plans to remediate outdated technologies.",Continuous Monitoring and Anomaly Detection; Evidence Collection and Management,Specified : Tech inventory→annual review→remediation plan traceable.,Indirect : Review and plan explain posture.,Indirect : Records exist; integrity not stated.,Specified : Annual cadence + remediation planning.,Specified : Approving remediation is governance.,Indirect : Sunset/upgrade decisions involve reasoning.,,,
,12.4.1,"(Service providers only) Executive management establishes responsibility for PCI DSS compliance, including accountability and a compliance programme charter.",Requirement-to-Control Mapping and Gap Analysis,Specified : Charter→accountability→owner gives strong lineage.,Indirect : Charter clarifies scope/intent.,Indirect : Charter records exist; integrity not mandated.,Indirect : May evolve with business.,Specified : Executive assignment/charter is governance.,Indirect : Defining charter content requires reasoning.,,,
,12.4.2,"(Service providers only) Reviews are performed at least once every three months to confirm personnel follow security policies and procedures, conducted by independent personnel.",Audit and Reporting,Specified : Quarterly independent review→evidence chain.,Indirect : Findings explain adherence.,Indirect : Review artefacts exist; integrity not stated.,Specified : Quarterly cadence = adaptation.,Specified : Commissioning/accepting reviews is governance.,Indirect : Determining sample/scope involves reasoning.,,,
,12.4.2.1,"(Service providers only) Reviews conducted under 12.4.2 are documented, include results, remediation actions, and sign-off by compliance programme management.",Audit and Reporting; Evidence Collection and Management,Specified : Results→remediation→sign-off provides end-to-end lineage.,Indirect : Documentation makes choices explainable.,Indirect : Records exist; integrity not mandated.,Indirect : Follow-up may evolve.,Specified : Management sign-off is governance.,Indirect : Prioritising remediation requires reasoning.,,,
,12.5.1,"An inventory of in-scope system components, including description of function/use, is maintained and current.",Evidence Collection and Management,Specified : Component→function mapping gives trace to scope.,Indirect : Descriptions aid clarity.,Indirect : Inventory exists; immutability not stated.,Specified : “Maintained and current” = adaptation.,Indirect : Stewardship implied.,Indirect : Curation and scoping involve reasoning.,,,
,12.5.2,"PCI DSS scope is documented and confirmed at least annually and after significant changes, including data flows, system components, segmentation, and third-party connections.",Vulnerability and Risk Assessments (VA-RA); Evidence Collection and Management,Specified : Doc→confirm→inputs (flows/components/segmentation/TPSP) create traceability.,Indirect : Scope artefacts explain boundaries.,Indirect : Evidence exists; integrity not mandated.,Specified : Annual + change-driven adaptation.,Specified : Confirming scope is governance.,Indirect : Determining scope boundaries requires reasoning.,,,
,12.5.2.1,"(Service providers only) PCI DSS scope is documented and confirmed at least every six months and after significant changes, including all elements of 12.5.2.",Vulnerability and Risk Assessments (VA-RA); Evidence Collection and Management,Specified : Semi-annual cadence→trace.,Indirect : Artefacts clarify scope.,Indirect : Records exist; integrity not mandated.,Specified : More frequent adaptation for service providers.,Specified : Governance of scoping cadence.,Indirect : Boundary/impact analysis involves reasoning.,,,
,12.5.3,"(Service providers only) Significant changes to organisational structure trigger a documented review of PCI DSS scope and controls, with results communicated to executive management.",Vulnerability and Risk Assessments (VA-RA); Audit and Reporting,Specified : Change→review→communicate chain creates lineage.,Indirect : Review report explains implications.,Indirect : Records exist; integrity not mandated.,Specified : Event-driven adaptation.,Specified : Executive communication is governance.,Indirect : Assessing control impacts requires reasoning.,,,
,12.6.1,"A formal security awareness programme is implemented to ensure personnel are aware of policies, procedures, and their role in protecting cardholder data.",Requirement-to-Control Mapping and Gap Analysis,Indirect : Programme links content→behaviour; not a direct control→mandate trace.,Indirect : Awareness improves understandability.,Indirect : Training artefacts exist; integrity not stated.,Indirect : Content updates with threats.,Specified : Implementing programme is governance.,Indirect : Designing curriculum involves reasoning.,,,
,12.6.2,The security awareness programme is reviewed annually and updated as needed to reflect new threats and vulnerabilities.,Requirement-to-Control Mapping and Gap Analysis,Indirect : Review→update records can map evolution.,Indirect : Update notes explain rationale.,Indirect : Records exist; integrity not mandated.,Specified : Annual + threat-driven updates.,Specified : Approving updates is governance.,Indirect : Threat evaluation is reasoning.,,,
,12.6.3,"Personnel receive security awareness training upon hire and annually, using multiple methods, and acknowledge understanding annually.",Requirement-to-Control Mapping and Gap Analysis; Evidence Collection and Management,Specified : Hire/annual triggers→training→acknowledgement provide trace to individuals.,Indirect : Multi-method delivery improves explainability.,Indirect : Acknowledgement/training records exist; integrity not stated.,Specified : Time-based cadence.,Specified : Enrolling/tracking is governance.,Indirect : Choosing methods/topics involves reasoning.,,,
,12.6.3.1,"Security awareness training includes threats and vulnerabilities that could impact cardholder data, including phishing and social engineering.",Requirement-to-Control Mapping and Gap Analysis,Indirect : Content→risk mapping can be recorded; not compelled.,Specified : Explicit topics improve explanation.,Not specified,Indirect : Topics evolve with threat landscape.,Specified : Mandating coverage is governance.,Indirect : Selecting depth/examples requires reasoning.,,,
,12.6.3.2,Security awareness training includes acceptable use of end-user technologies per Requirement 12.2.1.,Requirement-to-Control Mapping and Gap Analysis,Indirect : Cross-reference creates trace to AUP domain.,Specified : Inclusion clarifies rationale.,Not specified,Indirect : Evolves with AUP changes.,Specified : Enforcing inclusion is governance.,Indirect : Tailoring to tech stack involves reasoning.,,,
,12.7.1,"Potential personnel with CDE access are screened, within legal constraints, prior to hire.",Vulnerability and Risk Assessments (VA-RA); Evidence Collection and Management,Indirect : Candidate→screen outcome can be traced; not mandated as artefact set.,Indirect : Screening criteria explain suitability.,Indirect : Records exist; integrity not stated.,Indirect : Criteria may change with policy/law.,Specified : Requiring screening is governance.,Indirect : Risk-based clearance decisions involve reasoning.,,,
,12.8.1,"A list of all third-party service providers (TPSPs) with account data access or that could impact its security is maintained, including services provided.",Evidence Collection and Management,Specified : TPSP→service mapping creates lineage to responsibilities.,Indirect : List clarifies exposure.,Indirect : Inventory exists; immutability not stated.,Specified : “Maintained” = kept current.,Indirect : Stewardship implied.,Indirect : Inclusion/exclusion decisions involve reasoning.,,,
,12.8.2,Written agreements with all TPSPs include acknowledgement of their responsibility for account data security.,Requirement-to-Control Mapping and Gap Analysis; Evidence Collection and Management,Specified : Contract→responsibility acknowledgement forms explicit trace.,Indirect : Clauses make duties clear.,Indirect : Contract artefacts exist; integrity not stated.,Indirect : Agreements evolve.,Specified : Contracting/approval is governance.,Indirect : Defining clause scope requires reasoning.,,,
,12.8.3,A documented process for engaging TPSPs includes due diligence prior to engagement.,Vulnerability and Risk Assessments (VA-RA); Evidence Collection and Management,Specified : Process→due diligence artefacts create lineage.,Indirect : Due diligence narrative explains selection.,Indirect : Records exist; integrity not stated.,Indirect : Criteria evolve with risk.,Specified : Enforcing process is governance.,Specified : Due diligence evaluation is reasoning.,,,
,12.8.4,A programme is implemented to monitor TPSPs’ PCI DSS compliance status at least annually.,Continuous Monitoring and Anomaly Detection; Audit and Reporting,Specified : Monitor→status→evidence gives trace.,Indirect : Status reports explain posture.,Indirect : Evidence exists; integrity not mandated.,Specified : Annual cadence ensures adaptation.,Specified : Running the programme is governance.,Indirect : Handling non-compliance requires reasoning.,,,
,12.8.5,"Information is maintained about which PCI DSS requirements are managed by each TPSP, which by the entity, and which are shared.",Evidence Collection and Management,Specified : Requirement→ownership matrix is explicit lineage.,Indirect : Matrix clarifies responsibilities.,Indirect : Artefacts exist; integrity not stated.,Indirect : Ownership may change.,Specified : Maintaining RACI is governance.,Indirect : Splitting responsibilities involves reasoning.,,,
,12.9.1,(Service providers only) TPSPs provide written agreements to customers acknowledging their responsibility for account data security.,Requirement-to-Control Mapping and Gap Analysis; Evidence Collection and Management,Specified : Agreement→acknowledgement forms clear trace.,Indirect : Language explains obligations.,Indirect : Agreements exist; integrity not mandated.,Indirect : Terms evolve.,Specified : Executing agreements is governance.,Indirect : Tailoring terms requires reasoning.,,,
,12.9.2,(Service providers only) TPSPs provide customers with compliance status information and details of PCI DSS responsibilities (shared or sole).,Audit and Reporting; Evidence Collection and Management,Specified : Status→responsibility mapping creates lineage.,Indirect : Reports explain scope.,Indirect : Evidence exists; integrity not stated.,Indirect : Status evolves.,Specified : Providing reports is governance.,Indirect : Deciding disclosure detail involves reasoning.,,,
,12.10.1,"An incident response plan exists and includes roles, responsibilities, communications, containment, recovery, and legal requirements.",Incident Response and Recovery,Specified : IR plan structure→roles→steps provides trace to actions.,Indirect : Plan explains intended decisions.,Indirect : Plan artefacts exist; integrity not mandated.,Indirect : Plan evolves with threats/law.,Specified : Establishing plan is governance.,Specified : Designing IR scenarios/flows is reasoning.,,,
,12.10.2,"The incident response plan is reviewed annually, updated as needed, and tested.",Incident Response and Recovery; Evidence Collection and Management,Specified : Review→update→test artefacts create lineage to readiness.,Indirect : Test results explain capability.,Indirect : Evidence exists; integrity not stated.,Specified : Annual + need-based updates.,Specified : Approving tests/changes is governance.,Indirect : Selecting test scope/criteria involves reasoning.,,,
,12.10.3,Specific personnel are designated and available 24/7 to respond to incidents.,Incident Response and Recovery,Indirect : Roster→coverage can be traced; not compelled.,Indirect : On-call structure explains responsiveness.,Indirect : Rosters exist; integrity not stated.,Indirect : Roster evolves.,Specified : Designation/coverage is governance.,Indirect : Capacity planning requires reasoning.,,,
,12.10.4,Personnel with incident response responsibilities are trained periodically.,Incident Response and Recovery; Evidence Collection and Management,Indirect : Training ties roles→competence; traceable via records.,Indirect : Content clarifies expectations.,Indirect : Training records exist; integrity not mandated.,Specified : Periodic cadence.,Specified : Running training is governance.,Indirect : Deciding frequency/content involves reasoning.,,,
,12.10.4.1,The frequency of incident response training is defined in a targeted risk analysis.,Vulnerability and Risk Assessments (VA-RA),Indirect : TRA→frequency mapping traceable.,Indirect : TRA explains cadence choice.,Not specified,Specified : Risk-based cadence = adaptation.,Specified : Approving TRA outcome is governance.,Specified : TRA is formal reasoning.,,,
,12.10.5,"The incident response plan includes monitoring and responding to alerts from security monitoring systems (IDS/IPS, NSCs, FIM, wireless, payment page tamper-detection).",Incident Response and Recovery; Continuous Monitoring and Anomaly Detection,Indirect : Alert source→response steps can be traced; not compelled.,Indirect : Mapping sources clarifies actions.,Indirect : IR/monitoring records exist; integrity not stated.,Indirect : Sources/tuning evolve.,Specified : Integrating monitoring into IR is governance.,Indirect : Correlation/triage logic involves reasoning.,,,
,12.10.6,The incident response plan is updated based on lessons learned and industry developments.,Incident Response and Recovery,Indirect : Update records can tie events→plan changes.,Indirect : Lessons learned explain rationale.,Not specified,Specified : Continuous improvement of IR.,Specified : Approving updates is governance.,Indirect : Evaluating lessons requires reasoning.,,,
,12.10.7,"Incident response procedures exist for when PAN is found outside the CDE, including retrieval, secure deletion, investigation, and remediation.",Incident Response and Recovery,Specified : PAN outside CDE→contain→eradicate→investigate→remediate chain traceable.,Indirect : Steps make actions explainable.,Indirect : Artefacts exist; immutability not mandated.,Indirect : Procedures evolve with findings.,Specified : Enforcing procedures is governance.,Specified : Investigative and corrective logic is formal reasoning.,,,
